/bin/attr,7446,237,308,0.76948
/bin/bash,1044452,71938,110964,0.64830
/bin/bzip2-reference,34911,1161,1604,0.72382
/bin/chacl,9525,296,408,0.72549
/bin/dmesg,90465,5555,8404,0.66099
/bin/findmnt,97382,4871,7652,0.63657
/bin/fuser,37870,1791,2828,0.63331
/bin/getfacl,20978,1061,1644,0.64538
/bin/getfattr,16521,882,1300,0.67846
/bin/getsubids,4471,322,400,0.80500
/bin/grep,234057,12141,17652,0.68780
/bin/groups,9166,734,984,0.74593
/bin/gsed,123415,8825,12308,0.71701
/bin/gtar,460909,34694,51988,0.66735
/bin/gzip-reference,902561,4986,7476,0.66693
/bin/hostname,11296,379,468,0.80983
/bin/ifconfig,79098,5123,7548,0.67872
/bin/ip,1027752,39948,60460,0.66073
/bin/kill,16487,956,1440,0.66389
/bin/login,129166,8484,12116,0.70023
/bin/lsblk,254918,19127,26724,0.71572
/bin/lsfd,248083,21141,28484,0.74221
/bin/more,59000,3151,4828,0.65265
/bin/mount,69452,3970,6004,0.66123
/bin/mountpoint,9537,325,388,0.83763
/bin/nano,299482,19296,28916,0.66731
/bin/netstat,143764,7439,11564,0.64329
/bin/pipesz,68311,6200,8644,0.71726
/bin/ps,265537,6842,9556,0.71599
/bin/route,63757,4124,6180,0.66731
/bin/setfacl,31776,1753,2668,0.65705
/bin/setfattr,12784,652,964,0.67635
/bin/ss,239680,16059,22724,0.70670
/bin/su,87124,5991,8820,0.67925
/bin/umount,59465,3980,6044,0.65850
/bin/wdctl,80870,6929,9700,0.71433
/lib64/ld-linux-aarch64.so.1,181210,11038,16772,0.65812
/lib64/libanl.so.1,2146,151,196,0.77041
/lib64/libBrokenLocale.so.1,2688,167,212,0.78774
/lib64/libc_malloc_debug.so.0,50454,3690,5416,0.68131
/lib64/libc.so.6,1798599,130896,191368,0.68400
/lib64/libdl.so.2,2148,151,196,0.77041
/lib64/libmemusage.so,1620660,951,1424,0.66784
/lib64/libm.so.6,598036,26308,37660,0.69857
/lib64/libmvec.so.1,195410,5654,15724,0.35958
/lib64/libnsl.so.1,102539,7240,11056,0.65485
/lib64/libnss_compat.so.2,36248,2567,4144,0.61945
/lib64/libnss_db.so.2,30263,2310,3680,0.62772
/lib64/libnss_dns.so.2,2018,128,164,0.78049
/lib64/libnss_files.so.2,2020,128,164,0.78049
/lib64/libnss_hesiod.so.2,17026,1252,2044,0.61252
/lib64/libpcprofile.so,3424,246,312,0.78846
/lib64/libpthread.so.0,2630,151,196,0.77041
/lib64/libresolv.so.2,64204,3209,5040,0.63671
/lib64/librt.so.1,3325,295,400,0.73750
/lib64/libthread_db.so.1,39899,2384,3148,0.75731
/lib64/libutil.so.1,2152,151,196,0.77041
/lib64/security/pam_access.so,17255,901,1296,0.69522
/lib64/security/pam_canonicalize_user.so,3344,195,244,0.79918
/lib64/security/pam_cap.so,10327,612,776,0.78866
/lib64/security/pam_debug.so,4379,316,448,0.70536
/lib64/security/pam_deny.so,2390,266,336,0.79167
/lib64/security/pam_echo.so,5926,411,656,0.62652
/lib64/security/pam_env.so,14634,853,1288,0.66227
/lib64/security/pam_exec.so,11582,379,568,0.66725
/lib64/security/pam_faildelay.so,3983,201,300,0.67000
/lib64/security/pam_faillock.so,15247,861,1196,0.71990
/lib64/security/pam_filter.so,11195,410,516,0.79457
/lib64/security/pam_filter/upperLOWER,4466,232,296,0.78378
/lib64/security/pam_ftp.so,4877,220,340,0.64706
/lib64/security/pam_group.so,11086,434,884,0.49095
/lib64/security/pam_issue.so,8527,397,596,0.66611
/lib64/security/pam_keyinit.so,7400,527,744,0.70833
/lib64/security/pam_lastlog.so,15046,754,1168,0.64555
/lib64/security/pam_limits.so,18615,441,716,0.61592
/lib64/security/pam_listfile.so,7635,407,596,0.68289
/lib64/security/pam_localuser.so,4239,316,444,0.71171
/lib64/security/pam_loginuid.so,4855,266,384,0.69271
/lib64/security/pam_mail.so,8135,324,404,0.80198
/lib64/security/pam_mkhomedir.so,6397,255,320,0.79688
/lib64/security/pam_motd.so,9065,457,672,0.68006
/lib64/security/pam_namespace.so,35791,1397,2464,0.56696
/lib64/security/pam_nologin.so,5248,341,496,0.68750
/lib64/security/pam_passwdqc.so,11856,380,516,0.73643
/lib64/security/pam_permit.so,3244,282,356,0.79213
/lib64/security/pam_pwhistory.so,13514,462,764,0.60471
/lib64/security/pam_rhosts.so,4311,202,272,0.74265
/lib64/security/pam_rootok.so,3171,257,376,0.68351
/lib64/security/pam_securetty.so,7074,374,628,0.59554
/lib64/security/pam_setquota.so,8725,287,392,0.73214
/lib64/security/pam_shells.so,4367,266,384,0.69271
/lib64/security/pam_stress.so,11157,656,980,0.66939
/lib64/security/pam_succeed_if.so,10186,611,900,0.67889
/lib64/security/pam_time.so,9870,390,680,0.57353
/lib64/security/pam_timestamp.so,15723,755,1036,0.72876
/lib64/security/pam_umask.so,5605,202,272,0.74265
/lib64/security/pam_unix.so,49697,2526,3816,0.66195
/lib64/security/pam_userdb.so,10090,497,736,0.67527
/lib64/security/pam_usertype.so,7532,615,824,0.74636
/lib64/security/pam_warn.so,4053,358,464,0.77155
/lib64/security/pam_wheel.so,5307,234,368,0.63587
/lib64/security/pam_xauth.so,14701,467,668,0.69910
/sbin/agetty,126208,9083,13236,0.68623
/sbin/arp,62817,4243,6476,0.65519
/sbin/badblocks,25120,1015,1484,0.68396
/sbin/blkdiscard,37113,2438,3644,0.66905
/sbin/blkid,159406,14779,21492,0.68765
/sbin/blkpr,36377,2307,3508,0.65764
/sbin/blkzone,101644,10000,14148,0.70681
/sbin/blockdev,101968,9972,14132,0.70563
/sbin/bridge,206335,15282,23220,0.65814
/sbin/capsh,40231,513,712,0.72051
/sbin/cfdisk,116854,6857,10548,0.65008
/sbin/chcpu,45802,4243,5796,0.73206
/sbin/consoletype,3658,204,248,0.82258
/sbin/ctrlaltdel,40527,4044,5340,0.75730
/sbin/dcb,201962,17983,25760,0.69810
/sbin/debugfs,240966,16688,24464,0.68215
/sbin/devlink,267987,19803,28640,0.69145
/sbin/dumpe2fs,25641,806,1108,0.72744
/sbin/e2fsck,349518,17182,25964,0.66176
/sbin/e2image,53080,2755,4040,0.68193
/sbin/e2undo,13143,298,380,0.78421
/sbin/faillock,13864,666,988,0.67409
/sbin/fdisk,187513,14005,20236,0.69208
/sbin/findfs,6343,256,324,0.79012
/sbin/fsck,62022,3893,5732,0.67917
/sbin/fsck.cramfs,49269,3450,5292,0.65193
/sbin/fsck.minix,192864,14890,22004,0.67670
/sbin/fsfreeze,8075,267,340,0.78529
/sbin/fstrim,99731,9305,13228,0.70343
/sbin/genl,151373,11605,16236,0.71477
/sbin/getcap,5733,303,388,0.78093
/sbin/getpcaps,6392,237,304,0.77961
/sbin/hwclock,111575,7991,11148,0.71681
/sbin/ifstat-iproute2,145949,11911,16668,0.71460
/sbin/ipmaddr,16492,1467,2012,0.72913
/sbin/iptunnel,20017,1622,2116,0.76654
/sbin/ldconfig,843942,54885,84760,0.64753
/sbin/lnstat,21982,1783,2488,0.71664
/sbin/logsave,7918,376,500,0.75200
/sbin/losetup,149234,13739,19836,0.69263
/sbin/mii-tool,15892,658,956,0.68828
/sbin/mke2fs,145766,7084,10756,0.65861
/sbin/mkfs,8202,306,380,0.80526
/sbin/mkfs.bfs,40291,2883,4204,0.68578
/sbin/mkfs.cramfs,52309,3547,5236,0.67743
/sbin/mkfs.minix,165204,13900,20044,0.69347
/sbin/mkhomedir_helper,9472,509,692,0.73555
/sbin/mkswap,148395,13738,19860,0.69174
/sbin/nameif,10214,607,716,0.84777
/sbin/nologin,3392,189,248,0.76210
/sbin/nstat,141043,11639,16348,0.71195
/sbin/pam_timestamp_check,7806,284,460,0.61739
/sbin/pivot_root,6100,256,324,0.79012
/sbin/pwhistory_helper,11907,534,864,0.61806
/sbin/rarp,33588,2619,3796,0.68994
/sbin/rdma,232332,20166,28608,0.70491
/sbin/resize2fs,58186,2006,3224,0.62221
/sbin/rtacct,159339,11595,16180,0.71663
/sbin/rtmon,146977,11413,15964,0.71492
/sbin/runuser,87124,5991,8820,0.67925
/sbin/setcap,8409,225,284,0.79225
/sbin/sfdisk,176961,12904,18532,0.69631
/sbin/sln,555569,33664,51208,0.65740
/sbin/sulogin,90403,3391,4836,0.70120
/sbin/swaplabel,10220,348,444,0.78378
/sbin/swapoff,49110,4658,6220,0.74887
/sbin/swapon,58303,3579,5284,0.67733
/sbin/switch_root,10003,383,460,0.83261
/sbin/tc,612377,34010,52928,0.64257
/sbin/tipc,198644,17638,23960,0.73614
/sbin/tune2fs,120303,7303,10652,0.68560
/sbin/unix_chkpwd,31342,1740,2660,0.65414
/sbin/vdpa,149271,12580,17744,0.70897
/sbin/wipefs,51798,3319,4804,0.69088
/sbin/xtables-legacy-multi,511295,3894,5640,0.69043
/sbin/zramctl,153431,14727,21284,0.69193
/usr/aarch64-unknown-linux-gnu/binutils-bin/9999/addr2line,26947,1437,2100,0.68429
/usr/aarch64-unknown-linux-gnu/binutils-bin/9999/ar,59425,4070,6024,0.67563
/usr/aarch64-unknown-linux-gnu/binutils-bin/9999/as,577693,32862,48716,0.67456
/usr/aarch64-unknown-linux-gnu/binutils-bin/9999/c++filt,56333,1442,2124,0.67891
/usr/aarch64-unknown-linux-gnu/binutils-bin/9999/elfedit,36420,2385,3412,0.69900
/usr/aarch64-unknown-linux-gnu/binutils-bin/9999/gprof,102954,4444,7172,0.61963
/usr/aarch64-unknown-linux-gnu/binutils-bin/9999/ld,2487283,32336,49196,0.65729
/usr/aarch64-unknown-linux-gnu/binutils-bin/9999/ld.bfd,2487283,32336,49196,0.65729
/usr/aarch64-unknown-linux-gnu/binutils-bin/9999/nm,49745,2951,4252,0.69403
/usr/aarch64-unknown-linux-gnu/binutils-bin/9999/objcopy,181595,9858,16012,0.61566
/usr/aarch64-unknown-linux-gnu/binutils-bin/9999/objdump,467846,18279,29684,0.61579
/usr/aarch64-unknown-linux-gnu/binutils-bin/9999/ranlib,50148,3775,5528,0.68289
/usr/aarch64-unknown-linux-gnu/binutils-bin/9999/readelf,857622,23762,39308,0.60451
/usr/aarch64-unknown-linux-gnu/binutils-bin/9999/size,28191,1758,2580,0.68140
/usr/aarch64-unknown-linux-gnu/binutils-bin/9999/strings,32783,1803,2772,0.65043
/usr/aarch64-unknown-linux-gnu/binutils-bin/9999/strip,150782,9496,15432,0.61534
/usr/aarch64-unknown-linux-gnu/gcc-bin/14/aarch64-unknown-linux-gnu-c++,1989309,93500,137964,0.67771
/usr/aarch64-unknown-linux-gnu/gcc-bin/14/aarch64-unknown-linux-gnu-cpp,1987554,93513,137980,0.67773
/usr/aarch64-unknown-linux-gnu/gcc-bin/14/aarch64-unknown-linux-gnu-g++,1989309,93500,137964,0.67771
/usr/aarch64-unknown-linux-gnu/gcc-bin/14/aarch64-unknown-linux-gnu-gcc,1986664,93495,137948,0.67776
/usr/aarch64-unknown-linux-gnu/gcc-bin/14/aarch64-unknown-linux-gnu-gcc-ar,31262,2446,3544,0.69018
/usr/aarch64-unknown-linux-gnu/gcc-bin/14/aarch64-unknown-linux-gnu-gcc-nm,31182,2446,3544,0.69018
/usr/aarch64-unknown-linux-gnu/gcc-bin/14/aarch64-unknown-linux-gnu-gcc-ranlib,31198,2446,3544,0.69018
/usr/aarch64-unknown-linux-gnu/gcc-bin/14/aarch64-unknown-linux-gnu-gcov,1271751,81782,120820,0.67689
/usr/aarch64-unknown-linux-gnu/gcc-bin/14/aarch64-unknown-linux-gnu-gfortran,1989310,93629,138108,0.67794
/usr/aarch64-unknown-linux-gnu/gcc-bin/14/gcc-ar,31262,2446,3544,0.69018
/usr/aarch64-unknown-linux-gnu/gcc-bin/14/gcc-nm,31182,2446,3544,0.69018
/usr/aarch64-unknown-linux-gnu/gcc-bin/14/gcc-ranlib,31198,2446,3544,0.69018
/usr/aarch64-unknown-linux-gnu/gcc-bin/14/gcov-dump,1176600,76350,112220,0.68036
/usr/aarch64-unknown-linux-gnu/gcc-bin/14/gcov-tool,1205673,78490,115668,0.67858
/usr/aarch64-unknown-linux-gnu/gcc-bin/14/lto-dump,37388257,1969979,2960324,0.66546
/usr/bin/[,46058,3791,4788,0.79177
/usr/bin/aarch64-unknown-linux-gnu-pkgconf,38531,1230,1828,0.67287
/usr/bin/addftinfo,35222,2492,3476,0.71692
/usr/bin/arch,39821,3476,4484,0.77520
/usr/bin/arping,19765,734,924,0.79437
/usr/bin/asn1Coding,13591,577,752,0.76729
/usr/bin/asn1Decoding,16181,917,1260,0.72778
/usr/bin/asn1Parser,10435,510,632,0.80696
/usr/bin/b2sum,58525,4216,5532,0.76211
/usr/bin/base32,44183,3787,4852,0.78050
/usr/bin/base64,43695,3787,4852,0.78050
/usr/bin/basename,36407,3434,4356,0.78834
/usr/bin/basenc,127589,12544,18316,0.68487
/usr/bin/bc-reference,91042,5663,8392,0.67481
/usr/bin/bison,573561,40849,60860,0.67120
/usr/bin/bits,43541,3368,5156,0.65322
/usr/bin/bomtool,90769,725,1028,0.70525
/usr/bin/bzip2recover,1614517,412,552,0.74638
/usr/bin/cal,77370,4880,7628,0.63975
/usr/bin/cat,42051,3615,4612,0.78382
/usr/bin/catman,37119,2160,3220,0.67081
/usr/bin/chage,142034,8136,11788,0.69019
/usr/bin/chattr,8963,364,468,0.77778
/usr/bin/chcon,66730,5971,8076,0.73935
/usr/bin/chfn,127119,3796,5412,0.70140
/usr/bin/chgrp,72204,6015,8196,0.73389
/usr/bin/chmem,76039,6925,9868,0.70176
/usr/bin/chmod,66750,5802,7796,0.74423
/usr/bin/choom,65164,6053,8444,0.71684
/usr/bin/chown,72204,6015,8196,0.73389
/usr/bin/chroot,45411,3729,4932,0.75608
/usr/bin/chrt,79115,7303,10156,0.71908
/usr/bin/chsh,84217,3269,4644,0.70392
/usr/bin/chvt,9291,501,652,0.76840
/usr/bin/cksum,131741,8181,11156,0.73333
/usr/bin/clear,6632,397,508,0.78150
/usr/bin/cmp,114346,4182,5344,0.78256
/usr/bin/col,36642,2423,3700,0.65486
/usr/bin/colcrt,9559,387,500,0.77400
/usr/bin/colrm,31628,2254,3420,0.65906
/usr/bin/column,62555,4259,6692,0.63643
/usr/bin/comm,44739,4061,5412,0.75037
/usr/bin/coresched,35994,2483,3716,0.66819
/usr/bin/cp,123699,9226,12716,0.72554
/usr/bin/csplit,54266,4435,5900,0.75169
/usr/bin/curl,284970,10419,15648,0.66584
/usr/bin/cut,47974,3906,5156,0.75756
/usr/bin/date,95898,5536,7444,0.74369
/usr/bin/dbus-cleanup-sockets,7987,309,420,0.73571
/usr/bin/dbus-daemon,232417,19331,28080,0.68843
/usr/bin/dbus-launch,16296,618,900,0.68667
/usr/bin/dbus-monitor,19773,660,868,0.76037
/usr/bin/dbus-run-session,9524,337,516,0.65310
/usr/bin/dbus-send,22504,616,812,0.75862
/usr/bin/dbus-test-tool,16661,646,980,0.65918
/usr/bin/dbus-update-activation-environment,9361,347,452,0.76770
/usr/bin/dbus-uuidgen,5306,269,336,0.80060
/usr/bin/dc-reference,54724,4644,6776,0.68536
/usr/bin/dd,77405,5585,7540,0.74072
/usr/bin/deallocvt,8790,480,660,0.72727
/usr/bin/df,101816,6872,9652,0.71198
/usr/bin/diff,208945,9772,14032,0.69641
/usr/bin/diff3,119117,4230,5476,0.77246
/usr/bin/dir,163828,11203,15844,0.70708
/usr/bin/dircolors,50513,3788,4860,0.77942
/usr/bin/dirmngr,589960,44760,65556,0.68278
/usr/bin/dirmngr-client,110618,8963,12964,0.69138
/usr/bin/dirname,35705,3395,4292,0.79101
/usr/bin/du,118334,8739,12324,0.70910
/usr/bin/dumpelf,56018,2360,3492,0.67583
/usr/bin/dumpkeys,110722,3693,5444,0.67836
/usr/bin/dumpsexp,10608,359,580,0.61897
/usr/bin/echo,36938,3310,4244,0.77992
/usr/bin/eject,105848,9977,13988,0.71325
/usr/bin/enosys,46014,2239,3396,0.65931
/usr/bin/env,48955,3680,4748,0.77506
/usr/bin/envsubst,41608,4145,5900,0.70254
/usr/bin/eqn,193715,15757,22628,0.69635
/usr/bin/exch,5079,193,244,0.79098
/usr/bin/expand,41773,3778,4908,0.76976
/usr/bin/expiry,17987,1302,1904,0.68382
/usr/bin/expr,115941,11042,16468,0.67051
/usr/bin/factor,141294,11431,17044,0.67068
/usr/bin/fadvise,31592,2163,3316,0.65229
/usr/bin/faillog,16964,704,1048,0.67176
/usr/bin/fallocate,36346,2265,3428,0.66074
/usr/bin/false,33876,3265,4100,0.79634
/usr/bin/fgconsole,8414,471,628,0.75000
/usr/bin/file,23581,801,1096,0.73084
/usr/bin/fincore,76522,3002,4388,0.68414
/usr/bin/flex,377142,8992,12968,0.69340
/usr/bin/flock,38510,2540,3764,0.67481
/usr/bin/fmt,91462,3903,5172,0.75464
/usr/bin/fold,566455,3695,4852,0.76154
/usr/bin/free,27350,855,1236,0.69175
/usr/bin/funzip,89892,1106,1620,0.68272
/usr/bin/gawk,861131,37924,61572,0.61593
/usr/bin/gdbm_dump,25011,1934,2832,0.68291
/usr/bin/gdbm_load,28256,1980,2880,0.68750
/usr/bin/gdbmtool,150569,11732,16924,0.69322
/usr/bin/gencat,19273,673,996,0.67570
/usr/bin/getconf,19338,274,456,0.60088
/usr/bin/getent,25418,1414,2564,0.55148
/usr/bin/getkeycodes,8655,471,628,0.75000
/usr/bin/getopt,36841,2491,3804,0.65484
/usr/bin/gettext,33458,2500,3628,0.68908
/usr/bin/gfind,235111,19445,28156,0.69062
/usr/bin/gmake,281507,15177,23228,0.65339
/usr/bin/gpasswd,85587,6282,9028,0.69584
/usr/bin/gpatch,434579,11283,15716,0.71793
/usr/bin/gperf,105743,5158,7660,0.67337
/usr/bin/gpg-agent,460095,32275,47244,0.68316
/usr/bin/gpg-card,274868,21504,31316,0.68668
/usr/bin/gpgconf,165331,12089,17284,0.69943
/usr/bin/gpg-connect-agent,143613,11219,16228,0.69134
/usr/bin/gpg-error,28166,475,640,0.74219
/usr/bin/gpg-mail-tube,125787,11714,16996,0.68922
/usr/bin/gpgme-json,81230,4077,6424,0.63465
/usr/bin/gpgme-tool,75509,5747,7848,0.73229
/usr/bin/gpgparsemail,24495,1281,2040,0.62794
/usr/bin/gpg-reference,1242861,73786,111836,0.65977
/usr/bin/gpgsm,628412,39628,58852,0.67335
/usr/bin/gpgsplit,71849,6096,8572,0.71115
/usr/bin/gpgtar,131069,10982,15492,0.70888
/usr/bin/gpgv-reference,593959,43313,64548,0.67102
/usr/bin/gpg-wks-client,232031,19339,28420,0.68047
/usr/bin/grn,108008,6618,10060,0.65785
/usr/bin/grodvi,142933,9611,14060,0.68357
/usr/bin/groff,122895,7814,11612,0.67292
/usr/bin/grolbp,138664,9113,13524,0.67384
/usr/bin/grolj4,137584,8712,12636,0.68946
/usr/bin/grops,191792,14044,20668,0.67950
/usr/bin/grotty,142236,9494,13812,0.68737
/usr/bin/gxargs,74800,5396,7436,0.72566
/usr/bin/hardlink,62523,3525,5340,0.66011
/usr/bin/head,46882,3910,5156,0.75834
/usr/bin/hexdump,62243,4046,6140,0.65896
/usr/bin/hmac256,11527,512,668,0.76647
/usr/bin/hostid,35176,3375,4236,0.79674
/usr/bin/hpftodit,147259,2948,4252,0.69332
/usr/bin/hugetop,29395,1166,1724,0.67633
/usr/bin/iconv,57510,2968,4240,0.70000
/usr/bin/id,45681,3805,5116,0.74375
/usr/bin/idn2,20284,1078,1416,0.76130
/usr/bin/indxbib,56789,3457,4988,0.69306
/usr/bin/info,250704,19264,29420,0.65479
/usr/bin/infocmp,59717,2076,3024,0.68651
/usr/bin/install,138337,10054,13956,0.72041
/usr/bin/install-info,42119,2443,3604,0.67786
/usr/bin/install-xattr,8756,332,488,0.68033
/usr/bin/ionice,34404,2306,3500,0.65886
/usr/bin/ipcmk,37432,2419,3668,0.65949
/usr/bin/ipcrm,81884,7099,9988,0.71075
/usr/bin/ipcs,87544,6859,9700,0.70711
/usr/bin/irqtop,67349,4204,6332,0.66393
/usr/bin/isosize,32245,2237,3396,0.65872
/usr/bin/join,57193,4790,6452,0.74241
/usr/bin/kbdinfo,9936,507,668,0.75898
/usr/bin/kbd_mode,10196,522,708,0.73729
/usr/bin/kbdrate,10152,452,596,0.75839
/usr/bin/kbxutil,191470,15731,23804,0.66086
/usr/bin/killall,20691,523,704,0.74290
/usr/bin/last,70862,3295,4836,0.68135
/usr/bin/lastlog,22649,1039,1560,0.66603
/usr/bin/less,318130,21594,31636,0.68258
/usr/bin/lessecho,6292,363,596,0.60906
/usr/bin/lesskey,16955,1104,1564,0.70588
/usr/bin/lexgrog,1163372,3439,4964,0.69279
/usr/bin/line,6160,256,324,0.79012
/usr/bin/link,35491,3375,4236,0.79674
/usr/bin/lkbib,65222,4163,6116,0.68067
/usr/bin/ln,70493,6368,8644,0.73670
/usr/bin/loadkeys,160175,6179,9148,0.67545
/usr/bin/loadunimap,39425,2838,4020,0.70597
/usr/bin/locale,42414,1984,2788,0.71162
/usr/bin/localedef,292027,8703,13500,0.64467
/usr/bin/logger,58149,3837,5612,0.68371
/usr/bin/logname,35318,3375,4236,0.79674
/usr/bin/look,9692,366,476,0.76891
/usr/bin/lookbib,65515,4193,6148,0.68201
/usr/bin/ls,163828,11203,15844,0.70708
/usr/bin/lsattr,7705,395,464,0.85129
/usr/bin/lsclocks,50699,3033,4660,0.65086
/usr/bin/lscpu,166011,12672,18388,0.68915
/usr/bin/lsipc,118303,9093,12716,0.71508
/usr/bin/lsirq,51311,3237,4988,0.64896
/usr/bin/lslocks,87026,7706,10636,0.72452
/usr/bin/lslogins,110833,8808,12428,0.70872
/usr/bin/lsmem,76955,6524,9140,0.71379
/usr/bin/lsns,100336,8290,11748,0.70565
/usr/bin/lz4,241382,10602,16404,0.64631
/usr/bin/lzmadec,11015,595,844,0.70498
/usr/bin/lzmainfo,11995,671,1076,0.62361
/usr/bin/m4,323273,19604,28780,0.68117
/usr/bin/makedb,15049,622,820,0.75854
/usr/bin/man,1167916,6303,9364,0.67311
/usr/bin/mandb,1207795,5925,8900,0.66573
/usr/bin/manpager,3820,193,240,0.80417
/usr/bin/manpath,32253,2046,3040,0.67303
/usr/bin/man-recode,1076377,1476,2132,0.69231
/usr/bin/mapscrn,31951,2368,3364,0.70392
/usr/bin/mcookie,39499,2659,4052,0.65622
/usr/bin/md5sum,46635,3693,4780,0.77259
/usr/bin/mkdir,46973,4172,5404,0.77202
/usr/bin/mkfifo,37594,3433,4316,0.79541
/usr/bin/mknod,41267,3524,4468,0.78872
/usr/bin/mktemp,41028,3690,4700,0.78511
/usr/bin/mpicalc,15868,291,364,0.79945
/usr/bin/msgattrib,18211,282,348,0.81034
/usr/bin/msgcat,16721,259,324,0.79938
/usr/bin/msgcmp,17852,572,860,0.66512
/usr/bin/msgcomm,16426,259,324,0.79938
/usr/bin/msgconv,13862,259,324,0.79938
/usr/bin/msgen,14834,259,324,0.79938
/usr/bin/msgexec,11876,259,324,0.79938
/usr/bin/msgfilter,23148,642,820,0.78293
/usr/bin/msgfmt,84470,2927,4372,0.66949
/usr/bin/msggrep,39584,1138,1764,0.64512
/usr/bin/msginit,43044,1055,1420,0.74296
/usr/bin/msgmerge,50266,809,1184,0.68328
/usr/bin/msgunfmt,27503,789,1068,0.73876
/usr/bin/msguniq,15413,259,324,0.79938
/usr/bin/mv,134302,10624,14892,0.71340
/usr/bin/namei,38369,2785,4236,0.65746
/usr/bin/nettle-hash,8428,406,528,0.76894
/usr/bin/nettle-lfib-stream,3697,229,276,0.82971
/usr/bin/nettle-pbkdf2,8012,414,464,0.89224
/usr/bin/newgidmap,55958,4464,6396,0.69794
/usr/bin/newgrp,36992,2335,3448,0.67720
/usr/bin/newuidmap,54664,4388,6300,0.69651
/usr/bin/ngettext,33103,2454,3556,0.69010
/usr/bin/nice,37842,3317,4196,0.79051
/usr/bin/ninja-reference,346740,22900,35996,0.63618
/usr/bin/nl,46701,3751,4916,0.76302
/usr/bin/nohup,39917,3612,4588,0.78727
/usr/bin/nproc,41870,3655,4740,0.77110
/usr/bin/nsenter,96072,8753,12292,0.71209
/usr/bin/numfmt,80976,4566,6444,0.70857
/usr/bin/od,82033,5569,7948,0.70068
/usr/bin/onsgmls,110087,6924,10484,0.66043
/usr/bin/openssl,931586,26407,41068,0.64301
/usr/bin/openvt,15449,519,684,0.75877
/usr/bin/osgmlnorm,39776,2193,3152,0.69575
/usr/bin/ospam,65947,4800,6952,0.69045
/usr/bin/ospcat,25745,1167,1684,0.69299
/usr/bin/ospent,17608,909,1308,0.69495
/usr/bin/osx,73995,4088,6164,0.66321
/usr/bin/passwd,142932,9204,13316,0.69120
/usr/bin/paste,40383,3561,4636,0.76812
/usr/bin/pathchk,37270,3360,4300,0.78140
/usr/bin/pcprofiledump,6863,342,484,0.70661
/usr/bin/pcre2grep,47330,1370,2184,0.62729
/usr/bin/pcre2test,167834,3072,5008,0.61342
/usr/bin/peekfd,14406,516,768,0.67188
/usr/bin/perl,4899,212,284,0.74648
/usr/bin/pfbtops,19958,769,1148,0.66986
/usr/bin/pg,64429,3080,4500,0.68444
/usr/bin/pgrep,33068,1509,2244,0.67246
/usr/bin/pic,211534,16865,24908,0.67709
/usr/bin/pidof,12015,401,524,0.76527
/usr/bin/pidwait,33068,1509,2244,0.67246
/usr/bin/pinentry-curses,78090,4392,6540,0.67156
/usr/bin/pinentry-tty,63884,4192,6100,0.68721
/usr/bin/ping,155816,3531,5084,0.69453
/usr/bin/pinky,47618,3879,5116,0.75821
/usr/bin/pkcs1-conv,13065,572,792,0.72222
/usr/bin/pkill,33068,1509,2244,0.67246
/usr/bin/pldd,12001,596,796,0.74874
/usr/bin/pmap,28263,911,1548,0.58850
/usr/bin/post-grohtml,250176,22466,32556,0.69007
/usr/bin/pr,84198,5853,8028,0.72907
/usr/bin/preconv,56217,4037,5844,0.69079
/usr/bin/pre-grohtml,61294,4910,7220,0.68006
/usr/bin/printenv,35178,3287,4156,0.79090
/usr/bin/printf,62301,4475,5852,0.76470
/usr/bin/prlimit,41364,2417,3636,0.66474
/usr/bin/prtstat,11891,392,536,0.73134
/usr/bin/psfxtable,21883,1311,1844,0.71095
/usr/bin/psl,11702,240,312,0.76923
/usr/bin/pslog,6322,288,468,0.61538
/usr/bin/pspax,46986,2085,3012,0.69223
/usr/bin/pstree,25158,888,1388,0.63977
/usr/bin/ptx,60389,4158,5572,0.74623
/usr/bin/pwd,38571,3494,4420,0.79050
/usr/bin/pwdx,8332,416,596,0.69799
/usr/bin/pwqcheck,8373,261,348,0.75000
/usr/bin/pwqfilter,165388,695,1288,0.53960
/usr/bin/pwqgen,5176,223,276,0.80797
/usr/bin/python3.13,2944,176,220,0.80000
/usr/bin/python3.14,2944,176,220,0.80000
/usr/bin/python-exec2c,11194,437,668,0.65419
/usr/bin/pzstd,108579,5622,8424,0.66738
/usr/bin/q,377670,14766,23496,0.62845
/usr/bin/re2c,626538,31881,53396,0.59707
/usr/bin/re2go,626538,31881,53396,0.59707
/usr/bin/re2rust,626538,31881,53396,0.59707
/usr/bin/readlink,47933,4527,6004,0.75400
/usr/bin/realpath,49202,4642,6140,0.75603
/usr/bin/recode-sr-latin,10316,273,356,0.76685
/usr/bin/refer,195213,13330,20020,0.66583
/usr/bin/rename,19313,956,1300,0.73538
/usr/bin/renice,9047,303,404,0.75000
/usr/bin/rev,7905,326,444,0.73423
/usr/bin/rm,72753,6468,8964,0.72155
/usr/bin/rmdir,38238,3527,4516,0.78100
/usr/bin/rsync,647492,30524,46976,0.64978
/usr/bin/runcon,35906,3269,4116,0.79422
/usr/bin/scanelf,94207,3215,5028,0.63942
/usr/bin/scanmacho,37881,1681,2444,0.68781
/usr/bin/scdoc,17457,980,1420,0.69014
/usr/bin/scmp_sys_resolver,4263,221,288,0.76736
/usr/bin/scp,221602,16088,24240,0.66370
/usr/bin/script,79439,5113,7404,0.69057
/usr/bin/scriptlive,65349,4472,6364,0.70270
/usr/bin/scriptreplay,49626,3272,4708,0.69499
/usr/bin/sdiff,121939,4808,6220,0.77299
/usr/bin/seq,52152,3959,5236,0.75611
/usr/bin/setarch,97922,9335,13292,0.70230
/usr/bin/setfont,60798,3770,5724,0.65863
/usr/bin/setkeycodes,9349,551,764,0.72120
/usr/bin/setleds,10159,533,700,0.76143
/usr/bin/setmetamode,9397,507,668,0.75898
/usr/bin/setpgid,7470,263,316,0.83228
/usr/bin/setsid,7807,260,332,0.78313
/usr/bin/setterm,49293,2619,3900,0.67154
/usr/bin/setvtrgb,10760,522,700,0.74571
/usr/bin/sexp-conv,20383,1543,2144,0.71968
/usr/bin/sftp,235899,15873,23976,0.66204
/usr/bin/sha1sum,46702,3693,4780,0.77259
/usr/bin/sha224sum,48357,4031,5196,0.77579
/usr/bin/sha256sum,48357,4031,5196,0.77579
/usr/bin/sha384sum,48389,4031,5196,0.77579
/usr/bin/sha512sum,48389,4031,5196,0.77579
/usr/bin/showconsolefont,19246,1317,1796,0.73330
/usr/bin/showkey,11671,575,764,0.75262
/usr/bin/shred,69197,5304,7292,0.72737
/usr/bin/shuf,58990,5398,7308,0.73864
/usr/bin/slabtop,28154,1074,1556,0.69023
/usr/bin/sleep,38104,3615,4700,0.76915
/usr/bin/soelim,42248,3285,4764,0.68955
/usr/bin/sort,122495,8897,12668,0.70232
/usr/bin/split,64853,4748,6324,0.75079
/usr/bin/sprof,19588,522,716,0.72905
/usr/bin/sqlite3,1980712,128218,204356,0.62742
/usr/bin/ssh,945692,53200,79896,0.66587
/usr/bin/ssh-add,423505,25734,38664,0.66558
/usr/bin/ssh-agent,409291,22558,33896,0.66551
/usr/bin/ssh-keygen,544743,30416,45664,0.66608
/usr/bin/ssh-keyscan,543585,34481,50976,0.67642
/usr/bin/stat,100923,6226,8452,0.73663
/usr/bin/stdbuf,42879,3721,4756,0.78238
/usr/bin/stty,67130,4026,5260,0.76540
/usr/bin/sum,54483,4464,6068,0.73566
/usr/bin/sync,36687,3347,4268,0.78421
/usr/bin/tabs,12778,475,668,0.71108
/usr/bin/tac,52423,3878,5060,0.76640
/usr/bin/tail,80138,6408,8772,0.73051
/usr/bin/taskset,74789,7237,10036,0.72110
/usr/bin/tbl,155342,10527,15148,0.69494
/usr/bin/tee,45217,4188,5548,0.75487
/usr/bin/test,45796,3753,4724,0.79445
/usr/bin/tfmtodit,40138,2432,3436,0.70780
/usr/bin/tic,83453,2680,3892,0.68859
/usr/bin/timeout,45640,3784,4844,0.78117
/usr/bin/tload,14150,722,1036,0.69691
/usr/bin/toe,11576,483,724,0.66713
/usr/bin/top,311696,4618,7356,0.62779
/usr/bin/touch,75463,4932,6604,0.74682
/usr/bin/tput,19875,1172,1620,0.72346
/usr/bin/tr,60850,4017,5356,0.75000
/usr/bin/troff,670195,58870,82956,0.70965
/usr/bin/true,33876,3265,4100,0.79634
/usr/bin/truncate,40740,3391,4308,0.78714
/usr/bin/tset,20632,1169,1676,0.69749
/usr/bin/tsort,49442,3760,4852,0.77494
/usr/bin/tty,34819,3269,4116,0.79422
/usr/bin/uclampset,76136,7364,10180,0.72338
/usr/bin/ul,14501,628,980,0.64082
/usr/bin/uname,39821,3476,4484,0.77520
/usr/bin/unexpand,42372,3767,4860,0.77510
/usr/bin/uniq,48737,4114,5460,0.75348
/usr/bin/unlink,35365,3375,4236,0.79674
/usr/bin/unshare,99900,8467,11772,0.71925
/usr/bin/unzip,1150565,5186,9108,0.56939
/usr/bin/unzipsfx,919608,3557,6024,0.59047
/usr/bin/uptime,9428,482,636,0.75786
/usr/bin/users,41383,3663,4796,0.76376
/usr/bin/utmpdump,22119,989,1452,0.68113
/usr/bin/uuidgen,35370,2237,3396,0.65872
/usr/bin/uuidparse,45846,2970,4436,0.66952
/usr/bin/vdir,163828,11203,15844,0.70708
/usr/bin/vlock,15045,732,1004,0.72908
/usr/bin/vmstat,29589,914,1612,0.56700
/usr/bin/w,19017,599,844,0.70972
/usr/bin/waitpid,33265,2210,3356,0.65852
/usr/bin/watch,42203,1562,2348,0.66525
/usr/bin/watchgnupg,13831,466,624,0.74679
/usr/bin/wc,56134,4881,6508,0.75000
/usr/bin/wget,461547,24525,37412,0.65554
/usr/bin/whatis,45239,2428,3656,0.66411
/usr/bin/whereis,24539,1240,1708,0.72600
/usr/bin/which,33789,1120,1948,0.57495
/usr/bin/who,49358,3820,5052,0.75614
/usr/bin/whoami,35480,3375,4236,0.79674
/usr/bin/xgettext,331016,14101,23636,0.59659
/usr/bin/xmlcatalog,13457,315,436,0.72248
/usr/bin/xmlif,26438,1096,1512,0.72487
/usr/bin/xmllint,73828,2611,3700,0.70568
/usr/bin/xmlwf,30337,2083,3072,0.67806
/usr/bin/xsltproc,22496,508,816,0.62255
/usr/bin/xz,114930,5913,8472,0.69795
/usr/bin/xzdec,10992,595,852,0.69836
/usr/bin/yat2m,35716,1294,2160,0.59907
/usr/bin/yes,36047,3450,4396,0.78480
/usr/bin/zdump,84037,1990,3040,0.65461
/usr/bin/zic,56703,1955,2808,0.69623
/usr/bin/zstd,195069,9102,14108,0.64517
/usr/bin/zstd-frugal,140696,7471,11116,0.67209
/usr/lib64/audit/sotruss-lib.so,7298,397,616,0.64448
/usr/lib64/binutils/aarch64-unknown-linux-gnu/9999/bfd-plugins/libdep.so,5435,316,468,0.67521
/usr/lib64/binutils/aarch64-unknown-linux-gnu/9999/libbfd-2.45.50.20251031.gentoo-sys-devel-binutils-st.so,1379153,77087,120376,0.64039
/usr/lib64/binutils/aarch64-unknown-linux-gnu/9999/libctf-2.45.50.gentoo-sys-devel-binutils-st.so,197297,15085,23204,0.65010
/usr/lib64/binutils/aarch64-unknown-linux-gnu/9999/libctf-nobfd-2.45.50.gentoo-sys-devel-binutils-st.so,199054,15854,24420,0.64922
/usr/lib64/binutils/aarch64-unknown-linux-gnu/9999/libopcodes-2.45.50.20251031.gentoo-sys-devel-binutils-st.so,1348319,15224,20588,0.73946
/usr/lib64/binutils/aarch64-unknown-linux-gnu/9999/libsframe.so.2.0.0,23954,1695,2816,0.60192
/usr/lib64/crt1.o,417,76,80,0.95000
/usr/lib64/e2initrd_helper,9479,414,580,0.71379
/usr/lib64/engines-3/afalg.so,14622,729,1040,0.70096
/usr/lib64/engines-3/capi.so,1911,174,224,0.77679
/usr/lib64/engines-3/loader_attic.so,45825,2642,3732,0.70793
/usr/lib64/engines-3/padlock.so,1911,174,224,0.77679
/usr/lib64/gawk/filefuncs.so,27273,1223,2084,0.58685
/usr/lib64/gawk/fnmatch.so,5439,270,356,0.75843
/usr/lib64/gawk/fork.so,5653,345,496,0.69556
/usr/lib64/gawk/inplace.so,8970,350,496,0.70565
/usr/lib64/gawk/intdiv.so,6893,410,616,0.66558
/usr/lib64/gawk/ordchr.so,4216,251,344,0.72965
/usr/lib64/gawk/readdir.so,6495,439,632,0.69462
/usr/lib64/gawk/readfile.so,6002,435,632,0.68829
/usr/lib64/gawk/revoutput.so,4426,305,404,0.75495
/usr/lib64/gawk/revtwoway.so,5529,469,668,0.70210
/usr/lib64/gawk/rwarray.so,14704,791,1212,0.65264
/usr/lib64/gawk/time.so,5289,302,392,0.77041
/usr/lib64/gconv/ANSI_X3.110.so,17131,251,344,0.72965
/usr/lib64/gconv/ARMSCII-8.so,7422,228,316,0.72152
/usr/lib64/gconv/ASMO_449.so,8348,228,316,0.72152
/usr/lib64/gconv/BIG5HKSCS.so,232147,251,344,0.72965
/usr/lib64/gconv/BIG5.so,84141,251,344,0.72965
/usr/lib64/gconv/BRF.so,8268,228,316,0.72152
/usr/lib64/gconv/CP10007.so,8490,282,416,0.67788
/usr/lib64/gconv/CP1125.so,8522,282,416,0.67788
/usr/lib64/gconv/CP1250.so,8604,228,316,0.72152
/usr/lib64/gconv/CP1251.so,8524,228,316,0.72152
/usr/lib64/gconv/CP1252.so,8524,228,316,0.72152
/usr/lib64/gconv/CP1253.so,8492,228,316,0.72152
/usr/lib64/gconv/CP1254.so,8540,228,316,0.72152
/usr/lib64/gconv/CP1255.so,10864,228,316,0.72152
/usr/lib64/gconv/CP1256.so,8636,228,316,0.72152
/usr/lib64/gconv/CP1257.so,8604,228,316,0.72152
/usr/lib64/gconv/CP1258.so,11756,228,316,0.72152
/usr/lib64/gconv/CP737.so,8604,228,316,0.72152
/usr/lib64/gconv/CP770.so,8730,282,416,0.67788
/usr/lib64/gconv/CP771.so,8522,282,416,0.67788
/usr/lib64/gconv/CP772.so,8634,282,416,0.67788
/usr/lib64/gconv/CP773.so,8618,282,416,0.67788
/usr/lib64/gconv/CP774.so,8714,282,416,0.67788
/usr/lib64/gconv/CP775.so,8700,228,316,0.72152
/usr/lib64/gconv/CP932.so,93050,228,316,0.72152
/usr/lib64/gconv/CSN_369103.so,8506,282,416,0.67788
/usr/lib64/gconv/CWI.so,8666,282,416,0.67788
/usr/lib64/gconv/DEC-MCS.so,8444,228,316,0.72152
/usr/lib64/gconv/EBCDIC-AT-DE-A.so,8430,282,416,0.67788
/usr/lib64/gconv/EBCDIC-AT-DE.so,8430,282,416,0.67788
/usr/lib64/gconv/EBCDIC-CA-FR.so,8430,282,416,0.67788
/usr/lib64/gconv/EBCDIC-DK-NO-A.so,8430,282,416,0.67788
/usr/lib64/gconv/EBCDIC-DK-NO.so,8430,282,416,0.67788
/usr/lib64/gconv/EBCDIC-ES-A.so,8380,228,316,0.72152
/usr/lib64/gconv/EBCDIC-ES.so,8364,228,316,0.72152
/usr/lib64/gconv/EBCDIC-ES-S.so,8430,282,416,0.67788
/usr/lib64/gconv/EBCDIC-FI-SE-A.so,8430,282,416,0.67788
/usr/lib64/gconv/EBCDIC-FI-SE.so,8430,282,416,0.67788
/usr/lib64/gconv/EBCDIC-FR.so,8430,282,416,0.67788
/usr/lib64/gconv/EBCDIC-IS-FRISS.so,8412,228,316,0.72152
/usr/lib64/gconv/EBCDIC-IT.so,8430,282,416,0.67788
/usr/lib64/gconv/EBCDIC-PT.so,8430,282,416,0.67788
/usr/lib64/gconv/EBCDIC-UK.so,8348,228,316,0.72152
/usr/lib64/gconv/EBCDIC-US.so,8350,282,416,0.67788
/usr/lib64/gconv/ECMA-CYRILLIC.so,8394,282,416,0.67788
/usr/lib64/gconv/EUC-CN.so,13068,251,344,0.72965
/usr/lib64/gconv/EUC-JISX0213.so,11677,314,472,0.66525
/usr/lib64/gconv/EUC-JP-MS.so,81759,228,316,0.72152
/usr/lib64/gconv/EUC-JP.so,10835,251,344,0.72965
/usr/lib64/gconv/EUC-KR.so,9419,251,344,0.72965
/usr/lib64/gconv/EUC-TW.so,15888,251,344,0.72965
/usr/lib64/gconv/GB18030.so,172948,305,444,0.68694
/usr/lib64/gconv/GBBIG5.so,51101,273,412,0.66262
/usr/lib64/gconv/GBGBK.so,6640,228,316,0.72152
/usr/lib64/gconv/GBK.so,111466,314,456,0.68860
/usr/lib64/gconv/GEORGIAN-ACADEMY.so,8490,282,416,0.67788
/usr/lib64/gconv/GEORGIAN-PS.so,8490,282,416,0.67788
/usr/lib64/gconv/GOST_19768-74.so,8428,228,316,0.72152
/usr/lib64/gconv/GREEK7-OLD.so,8412,228,316,0.72152
/usr/lib64/gconv/GREEK7.so,8332,228,316,0.72152
/usr/lib64/gconv/GREEK-CCITT.so,8348,228,316,0.72152
/usr/lib64/gconv/HP-GREEK8.so,8396,228,316,0.72152
/usr/lib64/gconv/HP-ROMAN8.so,8492,228,316,0.72152
/usr/lib64/gconv/HP-ROMAN9.so,8508,228,316,0.72152
/usr/lib64/gconv/HP-THAI8.so,8428,228,316,0.72152
/usr/lib64/gconv/HP-TURKISH8.so,8540,228,316,0.72152
/usr/lib64/gconv/IBM037.so,8430,282,416,0.67788
/usr/lib64/gconv/IBM038.so,8350,282,416,0.67788
/usr/lib64/gconv/IBM1004.so,8492,228,316,0.72152
/usr/lib64/gconv/IBM1008_420.so,4683,255,392,0.65051
/usr/lib64/gconv/IBM1008.so,8604,228,316,0.72152
/usr/lib64/gconv/IBM1025.so,8394,282,416,0.67788
/usr/lib64/gconv/IBM1026.so,8476,228,316,0.72152
/usr/lib64/gconv/IBM1046.so,8700,228,316,0.72152
/usr/lib64/gconv/IBM1047.so,8430,282,416,0.67788
/usr/lib64/gconv/IBM1097.so,8586,282,416,0.67788
/usr/lib64/gconv/IBM1112.so,8506,282,416,0.67788
/usr/lib64/gconv/IBM1122.so,8394,282,416,0.67788
/usr/lib64/gconv/IBM1123.so,8394,282,416,0.67788
/usr/lib64/gconv/IBM1124.so,8394,282,416,0.67788
/usr/lib64/gconv/IBM1129.so,8442,282,416,0.67788
/usr/lib64/gconv/IBM1130.so,8442,282,416,0.67788
/usr/lib64/gconv/IBM1132.so,8444,228,316,0.72152
/usr/lib64/gconv/IBM1133.so,8444,228,316,0.72152
/usr/lib64/gconv/IBM1137.so,8460,228,316,0.72152
/usr/lib64/gconv/IBM1140.so,8378,282,416,0.67788
/usr/lib64/gconv/IBM1141.so,8378,282,416,0.67788
/usr/lib64/gconv/IBM1142.so,8378,282,416,0.67788
/usr/lib64/gconv/IBM1143.so,8378,282,416,0.67788
/usr/lib64/gconv/IBM1144.so,8378,282,416,0.67788
/usr/lib64/gconv/IBM1145.so,8378,282,416,0.67788
/usr/lib64/gconv/IBM1146.so,8378,282,416,0.67788
/usr/lib64/gconv/IBM1147.so,8378,282,416,0.67788
/usr/lib64/gconv/IBM1148.so,8378,282,416,0.67788
/usr/lib64/gconv/IBM1149.so,8378,282,416,0.67788
/usr/lib64/gconv/IBM1153.so,8490,282,416,0.67788
/usr/lib64/gconv/IBM1154.so,8394,282,416,0.67788
/usr/lib64/gconv/IBM1155.so,8394,282,416,0.67788
/usr/lib64/gconv/IBM1156.so,8506,282,416,0.67788
/usr/lib64/gconv/IBM1157.so,8394,282,416,0.67788
/usr/lib64/gconv/IBM1158.so,8410,282,416,0.67788
/usr/lib64/gconv/IBM1160.so,8378,282,416,0.67788
/usr/lib64/gconv/IBM1161.so,8428,228,316,0.72152
/usr/lib64/gconv/IBM1162.so,8460,228,316,0.72152
/usr/lib64/gconv/IBM1163.so,8458,282,416,0.67788
/usr/lib64/gconv/IBM1164.so,8458,282,416,0.67788
/usr/lib64/gconv/IBM1166.so,8474,282,416,0.67788
/usr/lib64/gconv/IBM1167.so,8570,282,416,0.67788
/usr/lib64/gconv/IBM12712.so,8476,228,316,0.72152
/usr/lib64/gconv/IBM1364.so,145869,282,516,0.54651
/usr/lib64/gconv/IBM1371.so,122583,282,504,0.55952
/usr/lib64/gconv/IBM1388.so,168941,282,504,0.55952
/usr/lib64/gconv/IBM1390.so,225963,282,504,0.55952
/usr/lib64/gconv/IBM1399.so,225963,282,504,0.55952
/usr/lib64/gconv/IBM16804.so,8620,228,316,0.72152
/usr/lib64/gconv/IBM256.so,8460,228,316,0.72152
/usr/lib64/gconv/IBM273.so,8346,282,416,0.67788
/usr/lib64/gconv/IBM274.so,8430,282,416,0.67788
/usr/lib64/gconv/IBM275.so,8430,282,416,0.67788
/usr/lib64/gconv/IBM277.so,8346,282,416,0.67788
/usr/lib64/gconv/IBM278.so,8346,282,416,0.67788
/usr/lib64/gconv/IBM280.so,8346,282,416,0.67788
/usr/lib64/gconv/IBM281.so,8348,228,316,0.72152
/usr/lib64/gconv/IBM284.so,8346,282,416,0.67788
/usr/lib64/gconv/IBM285.so,8444,228,316,0.72152
/usr/lib64/gconv/IBM290.so,8460,228,316,0.72152
/usr/lib64/gconv/IBM297.so,8346,282,416,0.67788
/usr/lib64/gconv/IBM420.so,8572,228,316,0.72152
/usr/lib64/gconv/IBM423.so,9150,282,416,0.67788
/usr/lib64/gconv/IBM424.so,8412,228,316,0.72152
/usr/lib64/gconv/IBM437.so,8618,282,416,0.67788
/usr/lib64/gconv/IBM4517.so,8652,228,316,0.72152
/usr/lib64/gconv/IBM4899.so,8380,228,316,0.72152
/usr/lib64/gconv/IBM4909.so,8460,228,316,0.72152
/usr/lib64/gconv/IBM4971.so,8460,228,316,0.72152
/usr/lib64/gconv/IBM500.so,8430,282,416,0.67788
/usr/lib64/gconv/IBM5347.so,8458,282,416,0.67788
/usr/lib64/gconv/IBM803.so,8364,228,316,0.72152
/usr/lib64/gconv/IBM850.so,8572,228,316,0.72152
/usr/lib64/gconv/IBM851.so,8620,228,316,0.72152
/usr/lib64/gconv/IBM852.so,8668,228,316,0.72152
/usr/lib64/gconv/IBM855.so,8588,228,316,0.72152
/usr/lib64/gconv/IBM856.so,8876,228,316,0.72152
/usr/lib64/gconv/IBM857.so,8572,228,316,0.72152
/usr/lib64/gconv/IBM858.so,8572,228,316,0.72152
/usr/lib64/gconv/IBM860.so,8668,228,316,0.72152
/usr/lib64/gconv/IBM861.so,8618,282,416,0.67788
/usr/lib64/gconv/IBM862.so,8650,282,416,0.67788
/usr/lib64/gconv/IBM863.so,8634,282,416,0.67788
/usr/lib64/gconv/IBM864.so,8684,228,316,0.72152
/usr/lib64/gconv/IBM865.so,8618,282,416,0.67788
/usr/lib64/gconv/IBM866NAV.so,8522,282,416,0.67788
/usr/lib64/gconv/IBM866.so,8538,282,416,0.67788
/usr/lib64/gconv/IBM868.so,8684,228,316,0.72152
/usr/lib64/gconv/IBM869.so,8572,228,316,0.72152
/usr/lib64/gconv/IBM870.so,8650,282,416,0.67788
/usr/lib64/gconv/IBM871.so,8430,282,416,0.67788
/usr/lib64/gconv/IBM874.so,8444,228,316,0.72152
/usr/lib64/gconv/IBM875.so,8460,228,316,0.72152
/usr/lib64/gconv/IBM880.so,8444,228,316,0.72152
/usr/lib64/gconv/IBM891.so,8302,282,416,0.67788
/usr/lib64/gconv/IBM901.so,8810,282,416,0.67788
/usr/lib64/gconv/IBM902.so,8698,282,416,0.67788
/usr/lib64/gconv/IBM9030.so,8378,282,416,0.67788
/usr/lib64/gconv/IBM903.so,8302,282,416,0.67788
/usr/lib64/gconv/IBM904.so,8350,282,416,0.67788
/usr/lib64/gconv/IBM905.so,8910,282,416,0.67788
/usr/lib64/gconv/IBM9066.so,8412,228,316,0.72152
/usr/lib64/gconv/IBM918.so,8540,228,316,0.72152
/usr/lib64/gconv/IBM921.so,8506,282,416,0.67788
/usr/lib64/gconv/IBM922.so,8698,282,416,0.67788
/usr/lib64/gconv/IBM930.so,92596,282,460,0.61304
/usr/lib64/gconv/IBM932.so,65425,305,444,0.68694
/usr/lib64/gconv/IBM933.so,112782,282,452,0.62389
/usr/lib64/gconv/IBM935.so,78466,282,452,0.62389
/usr/lib64/gconv/IBM937.so,109153,273,444,0.61486
/usr/lib64/gconv/IBM939.so,92199,273,496,0.55040
/usr/lib64/gconv/IBM943.so,66567,305,444,0.68694
/usr/lib64/gconv/IBM9448.so,8858,282,416,0.67788
/usr/lib64/gconv/IEC_P27-1.so,8586,282,416,0.67788
/usr/lib64/gconv/INIS-8.so,8364,228,316,0.72152
/usr/lib64/gconv/INIS-CYRILLIC.so,8396,228,316,0.72152
/usr/lib64/gconv/INIS.so,8284,228,316,0.72152
/usr/lib64/gconv/ISIRI-3342.so,8508,228,316,0.72152
/usr/lib64/gconv/ISO_10367-BOX.so,8476,228,316,0.72152
/usr/lib64/gconv/ISO_11548-1.so,6806,282,416,0.67788
/usr/lib64/gconv/ISO-2022-CN-EXT.so,40363,273,464,0.58836
/usr/lib64/gconv/ISO-2022-CN.so,28693,291,468,0.62179
/usr/lib64/gconv/ISO-2022-JP-3.so,23276,282,504,0.55952
/usr/lib64/gconv/ISO-2022-JP.so,36405,319,520,0.61346
/usr/lib64/gconv/ISO-2022-KR.so,11333,282,552,0.51087
/usr/lib64/gconv/ISO_2033.so,8236,228,316,0.72152
/usr/lib64/gconv/ISO_5427-EXT.so,8332,228,316,0.72152
/usr/lib64/gconv/ISO_5427.so,8332,228,316,0.72152
/usr/lib64/gconv/ISO_5428.so,8380,228,316,0.72152
/usr/lib64/gconv/ISO646.so,24388,313,468,0.66880
/usr/lib64/gconv/ISO_6937-2.so,16611,251,344,0.72965
/usr/lib64/gconv/ISO_6937.so,16611,251,344,0.72965
/usr/lib64/gconv/ISO8859-10.so,8506,282,416,0.67788
/usr/lib64/gconv/ISO8859-11.so,8444,228,316,0.72152
/usr/lib64/gconv/ISO8859-13.so,8522,282,416,0.67788
/usr/lib64/gconv/ISO8859-14.so,8490,282,416,0.67788
/usr/lib64/gconv/ISO8859-15.so,8410,282,416,0.67788
/usr/lib64/gconv/ISO8859-16.so,8490,282,416,0.67788
/usr/lib64/gconv/ISO8859-1.so,6786,282,416,0.67788
/usr/lib64/gconv/ISO8859-2.so,8650,282,416,0.67788
/usr/lib64/gconv/ISO8859-3.so,8910,282,416,0.67788
/usr/lib64/gconv/ISO8859-4.so,8650,282,416,0.67788
/usr/lib64/gconv/ISO8859-5.so,8410,282,416,0.67788
/usr/lib64/gconv/ISO8859-6.so,9806,282,416,0.67788
/usr/lib64/gconv/ISO8859-7.so,8492,228,316,0.72152
/usr/lib64/gconv/ISO8859-8.so,8444,228,316,0.72152
/usr/lib64/gconv/ISO8859-9E.so,8506,282,416,0.67788
/usr/lib64/gconv/ISO8859-9.so,8266,282,416,0.67788
/usr/lib64/gconv/ISO-IR-197.so,8588,228,316,0.72152
/usr/lib64/gconv/ISO-IR-209.so,8588,228,316,0.72152
/usr/lib64/gconv/JOHAB.so,12951,251,344,0.72965
/usr/lib64/gconv/KOI8-R.so,8538,282,416,0.67788
/usr/lib64/gconv/KOI8-RU.so,8570,282,416,0.67788
/usr/lib64/gconv/KOI-8.so,9262,282,416,0.67788
/usr/lib64/gconv/KOI8-T.so,8540,228,316,0.72152
/usr/lib64/gconv/KOI8-U.so,8554,282,416,0.67788
/usr/lib64/gconv/LATIN-GREEK-1.so,8348,228,316,0.72152
/usr/lib64/gconv/LATIN-GREEK.so,8348,228,316,0.72152
/usr/lib64/gconv/libCNS.so,462702,128,164,0.78049
/usr/lib64/gconv/libGB.so,62923,128,164,0.78049
/usr/lib64/gconv/libISOIR165.so,53721,128,164,0.78049
/usr/lib64/gconv/libJIS.so,95945,128,164,0.78049
/usr/lib64/gconv/libJISX0213.so,118060,128,164,0.78049
/usr/lib64/gconv/libKSC.so,42378,128,164,0.78049
/usr/lib64/gconv/MAC-CENTRALEUROPE.so,8602,282,416,0.67788
/usr/lib64/gconv/MACINTOSH.so,8652,228,316,0.72152
/usr/lib64/gconv/MAC-IS.so,8636,228,316,0.72152
/usr/lib64/gconv/MAC-SAMI.so,8570,282,416,0.67788
/usr/lib64/gconv/MAC-UK.so,8490,282,416,0.67788
/usr/lib64/gconv/MIK.so,8618,282,416,0.67788
/usr/lib64/gconv/NATS-DANO.so,8380,228,316,0.72152
/usr/lib64/gconv/NATS-SEFI.so,8364,228,316,0.72152
/usr/lib64/gconv/PT154.so,8490,282,416,0.67788
/usr/lib64/gconv/RK1048.so,8588,228,316,0.72152
/usr/lib64/gconv/SAMI-WS2.so,8572,228,316,0.72152
/usr/lib64/gconv/SHIFT_JISX0213.so,11576,314,468,0.67094
/usr/lib64/gconv/SJIS.so,90057,251,344,0.72965
/usr/lib64/gconv/T.61.so,15599,251,344,0.72965
/usr/lib64/gconv/TCVN5712-1.so,11174,282,456,0.61842
/usr/lib64/gconv/TIS-620.so,8396,228,316,0.72152
/usr/lib64/gconv/TSCII.so,14552,228,316,0.72152
/usr/lib64/gconv/UHC.so,67963,251,344,0.72965
/usr/lib64/gconv/UNICODE.so,8137,305,440,0.69318
/usr/lib64/gconv/UTF-16.so,9556,319,468,0.68162
/usr/lib64/gconv/UTF-32.so,8408,319,460,0.69348
/usr/lib64/gconv/UTF-7.so,16181,430,644,0.66770
/usr/lib64/gconv/VISCII.so,8458,282,416,0.67788
/usr/lib64/gcrt1.o,655,107,136,0.78676
/usr/lib64/grcrt1.o,505,84,92,0.91304
/usr/lib64/help2man/bindtextdomain.so,3889,285,392,0.72704
/usr/lib64/libacl.so.1.1.2302,34388,2998,4364,0.68698
/usr/lib64/libasprintf.so.0.0.0,19153,630,828,0.76087
/usr/lib64/libassuan.so.9.0.0,84244,7525,10880,0.69164
/usr/lib64/libattr.so.1.1.2502,18119,1287,1776,0.72466
/usr/lib64/libb2.so.1.0.4,27480,1653,2676,0.61771
/usr/lib64/libblkid.so.1.1.0,418936,37013,55068,0.67213
/usr/lib64/libbz2.so.1.0.8,68054,2079,3364,0.61801
/usr/lib64/libcap.so.2.76,43634,3694,5608,0.65870
/usr/lib64/libcares.so.2.19.4,252164,26009,38744,0.67130
/usr/lib64/libcom_err.so.2.1,10855,801,1052,0.76141
/usr/lib64/libcrypto.so.3,5036519,400456,580092,0.69033
/usr/lib64/libcrypt.so.1.1.0,228463,5761,9036,0.63756
/usr/lib64/libcrypt.so.2.0.0,226141,5593,8832,0.63327
/usr/lib64/libcurl.so.4.8.0,892869,69373,104664,0.66282
/usr/lib64/libdbus-1.so.3.38.3,346766,37394,52600,0.71091
/usr/lib64/libe2p.so.2.3,34673,1809,2572,0.70334
/usr/lib64/libexpat.so.1.11.1,159680,10596,14764,0.71769
/usr/lib64/libexpatw.so.1.11.1,160133,10681,14812,0.72110
/usr/lib64/libexslt.so.0.8.24,94980,6902,11288,0.61145
/usr/lib64/libext2fs.so.2.4,471809,33720,51972,0.64881
/usr/lib64/libfdisk.so.1.1.0,539191,40329,60780,0.66352
/usr/lib64/libffi.so.8.2.0,82715,2581,3876,0.66589
/usr/lib64/libform.so.6.5,71499,7912,11468,0.68992
/usr/lib64/libformt.so.6.5,71551,7925,11484,0.69009
/usr/lib64/libformtw.so.6.5,79817,8351,12188,0.68518
/usr/lib64/libformw.so.6.5,79826,8351,12220,0.68339
/usr/lib64/libgcrypt.so.20.6.0,1176966,65782,98396,0.66854
/usr/lib64/libgdbm_compat.so.4.0.0,9446,763,1068,0.71442
/usr/lib64/libgdbm.so.6.0.0,73649,5802,8788,0.66022
/usr/lib64/libgettextlib-0.23.2.so,1469710,25229,36908,0.68356
/usr/lib64/libgettextpo.so.0.5.12,396720,24943,38364,0.65017
/usr/lib64/libgettextsrc-0.23.2.so,342530,18911,31484,0.60065
/usr/lib64/libgmp.so.10.5.0,505679,25764,40780,0.63178
/usr/lib64/libgmpxx.so.4.7.0,21670,680,1052,0.64639
/usr/lib64/libgnutls-openssl.so.27.0.2,59908,6343,8620,0.73585
/usr/lib64/libgnutls.so.30.40.4,2202056,117444,179656,0.65372
/usr/lib64/libgnutlsxx.so.30.0.0,62339,5083,6424,0.79125
/usr/lib64/libgpg-error.so.0.39.3,183588,17907,24548,0.72947
/usr/lib64/libgpgme.so.45.0.0,359529,30134,44208,0.68164
/usr/lib64/libhistory.so.8.3,48558,3050,5044,0.60468
/usr/lib64/libhogweed.so.6.11,308025,12312,19412,0.63425
/usr/lib64/libidn2.so.0.4.0,196234,3741,5708,0.65540
/usr/lib64/libip4tc.so.2.0.0,26591,1936,2880,0.67222
/usr/lib64/libip6tc.so.2.0.0,27407,1975,2976,0.66364
/usr/lib64/libksba.so.8.14.7,265731,18754,29060,0.64535
/usr/lib64/liblz4.so.1.10.0,141843,6316,10004,0.63135
/usr/lib64/liblzma.so.5.8.1,190084,13468,20976,0.64207
/usr/lib64/libmagic.so.1.0.0,165679,8720,13936,0.62572
/usr/lib64/libmcheck.a,158,51,40,1.27500
/usr/lib64/libmenu.so.6.5,31442,2700,3892,0.69373
/usr/lib64/libmenut.so.6.5,31559,2710,3924,0.69062
/usr/lib64/libmenutw.so.6.5,32478,2786,4068,0.68486
/usr/lib64/libmenuw.so.6.5,32361,2776,4036,0.68781
/usr/lib64/libmnl.so.0.2.0,19868,2218,3024,0.73347
/usr/lib64/libmount.so.1.1.0,534781,44975,68508,0.65649
/usr/lib64/libmpc.so.3.3.1,137137,7705,12604,0.61131
/usr/lib64/libmpdec.so.4.0.1,204365,17166,24100,0.71228
/usr/lib64/libmpfr.so.6.2.2,710065,27252,50696,0.53756
/usr/lib64/libncurses.so.6.5,171824,15005,22652,0.66241
/usr/lib64/libncurses++.so.6.5,55935,6038,8416,0.71744
/usr/lib64/libncursest.so.6.5,178833,15621,24024,0.65022
/usr/lib64/libncurses++t.so.6.5,55970,6043,8424,0.71736
/usr/lib64/libncursestw.so.6.5,255860,21378,33336,0.64129
/usr/lib64/libncurses++tw.so.6.5,55976,6043,8424,0.71736
/usr/lib64/libncursesw.so.6.5,247372,20479,31164,0.65714
/usr/lib64/libncurses++w.so.6.5,55941,6038,8416,0.71744
/usr/lib64/libnettle.so.8.11,330392,18625,27100,0.68727
/usr/lib64/libnghttp2.so.14.28.4,185088,15687,22528,0.69633
/usr/lib64/libnghttp3.so.9.2.7,167159,13658,19352,0.70577
/usr/lib64/libnpth.so.0.3.0,16636,1646,2244,0.73351
/usr/lib64/libnsl.so.3.0.0,27584,2293,3440,0.66657
/usr/lib64/libosp.so.5.0.0,2106629,121502,176256,0.68935
/usr/lib64/libpamc.so.0.82.1,12527,694,1180,0.58814
/usr/lib64/libpam_misc.so.0.82.1,10142,533,848,0.62854
/usr/lib64/libpam.so.0.85.1,61375,4195,6928,0.60551
/usr/lib64/libpanel.so.6.5,10879,826,1348,0.61276
/usr/lib64/libpanelt.so.6.5,10858,826,1388,0.59510
/usr/lib64/libpaneltw.so.6.5,10861,826,1388,0.59510
/usr/lib64/libpanelw.so.6.5,10882,826,1348,0.61276
/usr/lib64/libpasswdqc.so.1,62375,1176,2000,0.58800
/usr/lib64/libpcre2-16.so.0.14.0,572052,11902,20628,0.57698
/usr/lib64/libpcre2-32.so.0.14.0,548215,11409,20100,0.56761
/usr/lib64/libpcre2-8.so.0.14.0,619087,12295,20908,0.58805
/usr/lib64/libpcre2-posix.so.3.0.6,6056,323,472,0.68432
/usr/lib64/libperl.so.5.40.2,3659484,98031,152684,0.64205
/usr/lib64/libpipeline.so.1.5.8,68740,5626,7604,0.73987
/usr/lib64/libpkgconf.so.7.0.0,83212,6318,9792,0.64522
/usr/lib64/libpopt.so.0.0.2,50355,3409,5700,0.59807
/usr/lib64/libproc2.so.1.0.0,186298,23708,31836,0.74469
/usr/lib64/libpsl.so.5.3.5,68282,1154,1688,0.68365
/usr/lib64/libpsx.so.2.76,12516,925,1348,0.68620
/usr/lib64/libpython3.13.so.1.0,5938312,320905,486020,0.66027
/usr/lib64/libpython3.14.so.1.0,6361164,344192,524692,0.65599
/usr/lib64/libreadline.so.8.3,398017,25027,38288,0.65365
/usr/lib64/libseccomp.so.2.6.0,170969,7831,11012,0.71113
/usr/lib64/libsmartcols.so.1.1.0,344065,32123,46436,0.69177
/usr/lib64/libsqlite3.so.3.50.4,1656652,107781,171928,0.62690
/usr/lib64/libssl.so.3,986579,87101,124640,0.69882
/usr/lib64/libss.so.2.0,23528,1494,2272,0.65757
/usr/lib64/libsubid.so.4.0.0,206343,13648,19876,0.68666
/usr/lib64/libtasn1.so.6.6.4,75689,4347,7196,0.60409
/usr/lib64/libtextstyle.so.0.2.3,699109,67376,100052,0.67341
/usr/lib64/libtinfo.so.6.5,234156,11204,16652,0.67283
/usr/lib64/libtinfot.so.6.5,227299,12213,18012,0.67805
/usr/lib64/libtinfotw.so.6.5,228647,12505,18132,0.68966
/usr/lib64/libtinfow.so.6.5,235584,11496,16772,0.68543
/usr/lib64/libtirpc.so.3.0.0,175464,15043,21924,0.68614
/usr/lib64/libunistring.so.5.2.0,1971979,22678,33068,0.68580
/usr/lib64/libuuid.so.1.3.0,28809,1987,2716,0.73159
/usr/lib64/libxml2.so.16.0.6,1357045,100548,159116,0.63192
/usr/lib64/libxslt.so.1.1.43,256366,15388,27776,0.55400
/usr/lib64/libxtables.so.12.7.0,76583,4734,6508,0.72741
/usr/lib64/libz.so.1.3.1,93527,5072,7972,0.63623
/usr/lib64/libzstd.so.1.5.7,714089,33382,53244,0.62696
/usr/lib64/man-db/libman-2.13.1.so,279128,18623,26188,0.71113
/usr/lib64/man-db/libmandb-2.13.1.so,23418,1668,2316,0.72021
/usr/lib64/misc/awk/grcat,3001,189,252,0.75000
/usr/lib64/misc/awk/pwcat,2716,187,236,0.79237
/usr/lib64/misc/glibc/getconf/POSIX_V6_LP64_OFF64,19338,274,456,0.60088
/usr/lib64/misc/glibc/getconf/POSIX_V7_LP64_OFF64,19338,274,456,0.60088
/usr/lib64/misc/glibc/getconf/XBS5_LP64_OFF64,19338,274,456,0.60088
/usr/lib64/misc/sftp-server,157437,13247,18752,0.70643
/usr/lib64/misc/sshd-auth,967153,58510,86696,0.67489
/usr/lib64/misc/sshd-session,1005763,60423,89432,0.67563
/usr/lib64/misc/ssh-keysign,473457,27329,40848,0.66904
/usr/lib64/misc/ssh-pkcs11-helper,379322,21787,32528,0.66979
/usr/lib64/misc/ssh-sk-helper,350998,20688,31056,0.66615
/usr/lib64/ossl-modules/legacy.so,121701,11442,16484,0.69413
/usr/lib64/perl5/5.40/aarch64-linux/auto/attributes/attributes.so,8188,383,536,0.71455
/usr/lib64/perl5/5.40/aarch64-linux/auto/B/B.so,87831,3731,5688,0.65594
/usr/lib64/perl5/5.40/aarch64-linux/auto/Compress/Raw/Bzip2/Bzip2.so,28971,1247,1892,0.65909
/usr/lib64/perl5/5.40/aarch64-linux/auto/Compress/Raw/Zlib/Zlib.so,67294,3141,4664,0.67346
/usr/lib64/perl5/5.40/aarch64-linux/auto/Cwd/Cwd.so,13751,610,1004,0.60757
/usr/lib64/perl5/5.40/aarch64-linux/auto/Data/Dumper/Dumper.so,33563,569,1088,0.52298
/usr/lib64/perl5/5.40/aarch64-linux/auto/Devel/Peek/Peek.so,13816,725,1000,0.72500
/usr/lib64/perl5/5.40/aarch64-linux/auto/Digest/MD5/MD5.so,15540,778,1140,0.68246
/usr/lib64/perl5/5.40/aarch64-linux/auto/Digest/SHA/SHA.so,36105,1508,2176,0.69301
/usr/lib64/perl5/5.40/aarch64-linux/auto/Encode/Byte/Byte.so,146887,206,292,0.70548
/usr/lib64/perl5/5.40/aarch64-linux/auto/Encode/CN/CN.so,938938,203,292,0.69521
/usr/lib64/perl5/5.40/aarch64-linux/auto/Encode/EBCDIC/EBCDIC.so,17837,203,292,0.69521
/usr/lib64/perl5/5.40/aarch64-linux/auto/Encode/Encode.so,36923,1558,2264,0.68816
/usr/lib64/perl5/5.40/aarch64-linux/auto/Encode/JP/JP.so,1128948,203,292,0.69521
/usr/lib64/perl5/5.40/aarch64-linux/auto/Encode/KR/KR.so,1045471,203,292,0.69521
/usr/lib64/perl5/5.40/aarch64-linux/auto/Encode/Symbol/Symbol.so,22982,203,292,0.69521
/usr/lib64/perl5/5.40/aarch64-linux/auto/Encode/TW/TW.so,932464,203,292,0.69521
/usr/lib64/perl5/5.40/aarch64-linux/auto/Encode/Unicode/Unicode.so,14379,390,576,0.67708
/usr/lib64/perl5/5.40/aarch64-linux/auto/Fcntl/Fcntl.so,14051,438,616,0.71104
/usr/lib64/perl5/5.40/aarch64-linux/auto/File/DosGlob/DosGlob.so,3558,229,316,0.72468
/usr/lib64/perl5/5.40/aarch64-linux/auto/File/Glob/Glob.so,25311,1304,1800,0.72444
/usr/lib64/perl5/5.40/aarch64-linux/auto/Filter/Util/Call/Call.so,10206,380,572,0.66434
/usr/lib64/perl5/5.40/aarch64-linux/auto/GDBM_File/GDBM_File.so,45614,1760,2784,0.63218
/usr/lib64/perl5/5.40/aarch64-linux/auto/Hash/Util/FieldHash/FieldHash.so,16502,875,1304,0.67101
/usr/lib64/perl5/5.40/aarch64-linux/auto/Hash/Util/Util.so,16640,822,1316,0.62462
/usr/lib64/perl5/5.40/aarch64-linux/auto/I18N/Langinfo/Langinfo.so,8880,232,316,0.73418
/usr/lib64/perl5/5.40/aarch64-linux/auto/IO/IO.so,16467,849,1228,0.69137
/usr/lib64/perl5/5.40/aarch64-linux/auto/IPC/SysV/SysV.so,21174,695,952,0.73004
/usr/lib64/perl5/5.40/aarch64-linux/auto/List/Util/Util.so,57802,1951,3284,0.59409
/usr/lib64/perl5/5.40/aarch64-linux/auto/Math/BigInt/FastCalc/FastCalc.so,12732,649,1024,0.63379
/usr/lib64/perl5/5.40/aarch64-linux/auto/MIME/Base64/Base64.so,11329,436,632,0.68987
/usr/lib64/perl5/5.40/aarch64-linux/auto/mro/mro.so,19713,578,1024,0.56445
/usr/lib64/perl5/5.40/aarch64-linux/auto/NDBM_File/NDBM_File.so,16720,661,1020,0.64804
/usr/lib64/perl5/5.40/aarch64-linux/auto/Opcode/Opcode.so,19433,989,1416,0.69845
/usr/lib64/perl5/5.40/aarch64-linux/auto/PerlIO/encoding/encoding.so,21677,653,1184,0.55152
/usr/lib64/perl5/5.40/aarch64-linux/auto/PerlIO/mmap/mmap.so,7868,538,732,0.73497
/usr/lib64/perl5/5.40/aarch64-linux/auto/PerlIO/via/via.so,18647,1230,1748,0.70366
/usr/lib64/perl5/5.40/aarch64-linux/auto/POSIX/POSIX.so,96171,4062,6036,0.67296
/usr/lib64/perl5/5.40/aarch64-linux/auto/re/re.so,610843,13702,20496,0.66852
/usr/lib64/perl5/5.40/aarch64-linux/auto/SDBM_File/SDBM_File.so,27696,1560,2560,0.60938
/usr/lib64/perl5/5.40/aarch64-linux/auto/Socket/Socket.so,36438,1317,1740,0.75690
/usr/lib64/perl5/5.40/aarch64-linux/auto/Storable/Storable.so,99328,4120,6800,0.60588
/usr/lib64/perl5/5.40/aarch64-linux/auto/Sys/Hostname/Hostname.so,3892,210,272,0.77206
/usr/lib64/perl5/5.40/aarch64-linux/auto/Sys/Syslog/Syslog.so,12167,602,868,0.69355
/usr/lib64/perl5/5.40/aarch64-linux/auto/threads/shared/shared.so,2076,159,208,0.76442
/usr/lib64/perl5/5.40/aarch64-linux/auto/threads/threads.so,2069,159,208,0.76442
/usr/lib64/perl5/5.40/aarch64-linux/auto/Time/HiRes/HiRes.so,26268,1041,1508,0.69032
/usr/lib64/perl5/5.40/aarch64-linux/auto/Time/Piece/Piece.so,19787,837,1048,0.79866
/usr/lib64/perl5/5.40/aarch64-linux/auto/Unicode/Collate/Collate.so,916695,823,1284,0.64097
/usr/lib64/perl5/5.40/aarch64-linux/auto/Unicode/Normalize/Normalize.so,421005,1500,2416,0.62086
/usr/lib64/perl5/vendor_perl/5.40/aarch64-linux/auto/Crypt/URandom/URandom.so,4032,199,272,0.73162
/usr/lib64/perl5/vendor_perl/5.40/aarch64-linux/auto/List/MoreUtils/XS/XS.so,115005,4319,6880,0.62776
/usr/lib64/perl5/vendor_perl/5.40/aarch64-linux/auto/List/Util/Util.so,54872,1692,2944,0.57473
/usr/lib64/perl5/vendor_perl/5.40/aarch64-linux/auto/Locale/gettext/gettext.so,10482,562,848,0.66274
/usr/lib64/perl5/vendor_perl/5.40/aarch64-linux/auto/Net/SSLeay/SSLeay.so,580763,30563,45312,0.67450
/usr/lib64/perl5/vendor_perl/5.40/aarch64-linux/auto/Params/Util/Util.so,13328,911,1316,0.69225
/usr/lib64/perl5/vendor_perl/5.40/aarch64-linux/auto/PerlIO/utf8_strict/utf8_strict.so,9529,350,540,0.64815
/usr/lib64/perl5/vendor_perl/5.40/aarch64-linux/auto/Syntax/Keyword/Try/Try.so,16473,574,1068,0.53745
/usr/lib64/perl5/vendor_perl/5.40/aarch64-linux/auto/Term/ReadKey/ReadKey.so,18631,862,1264,0.68196
/usr/lib64/perl5/vendor_perl/5.40/aarch64-linux/auto/Text/CharWidth/CharWidth.so,5644,299,424,0.70519
/usr/lib64/perl5/vendor_perl/5.40/aarch64-linux/auto/Unicode/LineBreak/LineBreak.so,150762,5316,9212,0.57707
/usr/lib64/perl5/vendor_perl/5.40/aarch64-linux/auto/XS/Parse/Keyword/Keyword.so,42911,1980,2872,0.68942
/usr/lib64/preloadable_libintl.so,72547,3128,4404,0.71026
/usr/lib64/rcrt1.o,295,53,40,1.32500
/usr/lib64/Scrt1.o,287,53,40,1.32500
/usr/lib64/xtables/libip6t_ah.so,5053,393,488,0.80533
/usr/lib64/xtables/libip6t_DNPT.so,3834,291,392,0.74235
/usr/lib64/xtables/libip6t_dst.so,5841,388,568,0.68310
/usr/lib64/xtables/libip6t_eui64.so,2141,151,196,0.77041
/usr/lib64/xtables/libip6t_frag.so,5950,437,536,0.81530
/usr/lib64/xtables/libip6t_hbh.so,6304,414,616,0.67208
/usr/lib64/xtables/libip6t_HL.so,4162,335,432,0.77546
/usr/lib64/xtables/libip6t_hl.so,4248,326,416,0.78365
/usr/lib64/xtables/libip6t_icmp6.so,7691,405,552,0.73370
/usr/lib64/xtables/libip6t_ipv6header.so,6380,377,556,0.67806
/usr/lib64/xtables/libip6t_mh.so,6739,457,632,0.72310
/usr/lib64/xtables/libip6t_NETMAP.so,4026,306,404,0.75743
/usr/lib64/xtables/libip6t_REJECT.so,5289,329,448,0.73438
/usr/lib64/xtables/libip6t_rt.so,7814,464,716,0.64804
/usr/lib64/xtables/libip6t_SNPT.so,3834,291,392,0.74235
/usr/lib64/xtables/libip6t_srh.so,11522,476,628,0.75796
/usr/lib64/xtables/libipt_ah.so,4475,382,508,0.75197
/usr/lib64/xtables/libipt_CLUSTERIP.so,5449,340,452,0.75221
/usr/lib64/xtables/libipt_ECN.so,4426,351,460,0.76304
/usr/lib64/xtables/libipt_icmp.so,7917,407,560,0.72679
/usr/lib64/xtables/libipt_NETMAP.so,3945,329,432,0.76157
/usr/lib64/xtables/libipt_realm.so,5253,352,464,0.75862
/usr/lib64/xtables/libipt_REJECT.so,5890,332,452,0.73451
/usr/lib64/xtables/libipt_TTL.so,4171,335,432,0.77546
/usr/lib64/xtables/libipt_ttl.so,4823,398,512,0.77734
/usr/lib64/xtables/libipt_ULOG.so,4838,340,444,0.76577
/usr/lib64/xtables/libxt_addrtype.so,9538,623,988,0.63057
/usr/lib64/xtables/libxt_AUDIT.so,3973,327,420,0.77857
/usr/lib64/xtables/libxt_bpf.so,8052,585,820,0.71341
/usr/lib64/xtables/libxt_cgroup.so,6502,617,824,0.74879
/usr/lib64/xtables/libxt_CHECKSUM.so,3305,267,348,0.76724
/usr/lib64/xtables/libxt_CLASSIFY.so,4713,360,464,0.77586
/usr/lib64/xtables/libxt_cluster.so,5630,395,520,0.75962
/usr/lib64/xtables/libxt_comment.so,3883,274,348,0.78736
/usr/lib64/xtables/libxt_connbytes.so,6012,431,568,0.75880
/usr/lib64/xtables/libxt_connlimit.so,7582,554,720,0.76944
/usr/lib64/xtables/libxt_CONNMARK.so,12045,908,1124,0.80783
/usr/lib64/xtables/libxt_connmark.so,5178,474,648,0.73148
/usr/lib64/xtables/libxt_CONNSECMARK.so,3996,337,432,0.78009
/usr/lib64/xtables/libxt_conntrack.so,26352,1936,2492,0.77689
/usr/lib64/xtables/libxt_cpu.so,3455,282,364,0.77473
/usr/lib64/xtables/libxt_CT.so,12191,782,1104,0.70833
/usr/lib64/xtables/libxt_dccp.so,8076,526,772,0.68135
/usr/lib64/xtables/libxt_devgroup.so,6196,433,576,0.75174
/usr/lib64/xtables/libxt_DSCP.so,5420,362,480,0.75417
/usr/lib64/xtables/libxt_dscp.so,5488,354,492,0.71951
/usr/lib64/xtables/libxt_ecn.so,5040,388,484,0.80165
/usr/lib64/xtables/libxt_esp.so,4393,364,476,0.76471
/usr/lib64/xtables/libxt_hashlimit.so,28835,2299,3060,0.75131
/usr/lib64/xtables/libxt_helper.so,3659,290,380,0.76316
/usr/lib64/xtables/libxt_HMARK.so,10049,630,836,0.75359
/usr/lib64/xtables/libxt_IDLETIMER.so,4648,368,496,0.74194
/usr/lib64/xtables/libxt_ipcomp.so,4324,348,468,0.74359
/usr/lib64/xtables/libxt_iprange.so,10069,806,1072,0.75187
/usr/lib64/xtables/libxt_ipvs.so,7306,392,500,0.78400
/usr/lib64/xtables/libxt_LED.so,4879,304,412,0.73786
/usr/lib64/xtables/libxt_length.so,3985,322,440,0.73182
/usr/lib64/xtables/libxt_limit.so,6261,486,644,0.75466
/usr/lib64/xtables/libxt_LOG.so,7176,375,484,0.77479
/usr/lib64/xtables/libxt_mac.so,3862,314,424,0.74057
/usr/lib64/xtables/libxt_mark.so,5056,474,648,0.73148
/usr/lib64/xtables/libxt_MARK.so,8403,738,956,0.77197
/usr/lib64/xtables/libxt_multiport.so,12881,1194,1724,0.69258
/usr/lib64/xtables/libxt_NAT.so,19806,1935,2380,0.81303
/usr/lib64/xtables/libxt_nfacct.so,3842,272,356,0.76404
/usr/lib64/xtables/libxt_NFLOG.so,5503,403,528,0.76326
/usr/lib64/xtables/libxt_NFQUEUE.so,8765,861,1108,0.77708
/usr/lib64/xtables/libxt_osf.so,4447,288,372,0.77419
/usr/lib64/xtables/libxt_owner.so,12288,954,1240,0.76935
/usr/lib64/xtables/libxt_physdev.so,5125,350,428,0.81776
/usr/lib64/xtables/libxt_pkttype.so,4811,342,480,0.71250
/usr/lib64/xtables/libxt_policy.so,10697,524,804,0.65174
/usr/lib64/xtables/libxt_quota.so,3539,298,388,0.76804
/usr/lib64/xtables/libxt_rateest.so,10017,579,796,0.72739
/usr/lib64/xtables/libxt_RATEEST.so,5899,406,564,0.71986
/usr/lib64/xtables/libxt_recent.so,9813,586,736,0.79620
/usr/lib64/xtables/libxt_rpfilter.so,4634,371,496,0.74798
/usr/lib64/xtables/libxt_sctp.so,12619,649,1108,0.58574
/usr/lib64/xtables/libxt_SECMARK.so,4355,408,520,0.78462
/usr/lib64/xtables/libxt_SET.so,15256,1222,1600,0.76375
/usr/lib64/xtables/libxt_set.so,17505,1363,1824,0.74726
/usr/lib64/xtables/libxt_socket.so,6668,607,800,0.75875
/usr/lib64/xtables/libxt_standard.so,2573,174,224,0.77679
/usr/lib64/xtables/libxt_statistic.so,5425,415,528,0.78598
/usr/lib64/xtables/libxt_string.so,8289,470,756,0.62169
/usr/lib64/xtables/libxt_SYNPROXY.so,4955,392,508,0.77165
/usr/lib64/xtables/libxt_tcpmss.so,4115,327,444,0.73649
/usr/lib64/xtables/libxt_TCPMSS.so,4482,341,432,0.78935
/usr/lib64/xtables/libxt_TCPOPTSTRIP.so,5654,340,484,0.70248
/usr/lib64/xtables/libxt_tcp.so,10478,642,964,0.66598
/usr/lib64/xtables/libxt_TEE.so,5241,408,568,0.71831
/usr/lib64/xtables/libxt_time.so,12446,718,1092,0.65751
/usr/lib64/xtables/libxt_tos.so,5332,415,564,0.73582
/usr/lib64/xtables/libxt_TOS.so,7113,537,712,0.75421
/usr/lib64/xtables/libxt_TPROXY.so,6969,559,744,0.75134
/usr/lib64/xtables/libxt_TRACE.so,2388,182,236,0.77119
/usr/lib64/xtables/libxt_u32.so,6772,337,488,0.69057
/usr/lib64/xtables/libxt_udp.so,5809,484,648,0.74691
/usr/libexec/coreutils/libstdbuf.so,3850,213,276,0.77174
/usr/libexec/dbus-daemon-launch-helper,58339,4242,6140,0.69088
/usr/libexec/gcc/aarch64-unknown-linux-gnu/14/cc1,38753230,2032666,3058460,0.66460
/usr/libexec/gcc/aarch64-unknown-linux-gnu/14/cc1plus,41238821,2177435,3288060,0.66222
/usr/libexec/gcc/aarch64-unknown-linux-gnu/14/collect2,1238703,81317,119460,0.68070
/usr/libexec/gcc/aarch64-unknown-linux-gnu/14/f951,39756052,2109211,3170940,0.66517
/usr/libexec/gcc/aarch64-unknown-linux-gnu/14/g++-mapper-server,270660,30311,43220,0.70132
/usr/libexec/gcc/aarch64-unknown-linux-gnu/14/liblto_plugin.so,83571,6589,9964,0.66128
/usr/libexec/gcc/aarch64-unknown-linux-gnu/14/lto1,37386940,1969560,2959860,0.66542
/usr/libexec/gcc/aarch64-unknown-linux-gnu/14/lto-wrapper,1867904,90747,132948,0.68258
/usr/libexec/gcc/aarch64-unknown-linux-gnu/14/plugin/gengtype,205989,11002,16500,0.66679
/usr/libexec/gettext/cldr-plurals,24090,1008,1556,0.64781
/usr/libexec/gettext/hostname,8221,316,364,0.86813
/usr/libexec/gettext/urlget,8757,281,332,0.84639
/usr/libexec/git-core/git,4226880,278433,411740,0.67624
/usr/libexec/git-core/git-daemon,2463798,192760,286964,0.67172
/usr/libexec/git-core/git-http-backend,2452347,192985,287324,0.67166
/usr/libexec/git-core/git-http-fetch,2509328,197219,293284,0.67245
/usr/libexec/git-core/git-http-push,2532844,198692,295532,0.67232
/usr/libexec/git-core/git-imap-send,2534970,198709,295452,0.67256
/usr/libexec/git-core/git-remote-http,2526353,197770,294132,0.67239
/usr/libexec/git-core/git-shell,2439677,191995,286004,0.67130
/usr/libexec/git-core/git-sh-i18n--envsubst,2439407,192059,286156,0.67117
/usr/libexec/git-core/scalar,2495500,195039,290196,0.67209
/usr/libexec/gpg-auth,116870,10014,14316,0.69950
/usr/libexec/gpg-check-pattern,98597,7939,11436,0.69421
/usr/libexec/gpg-pair-tool,127887,11695,16396,0.71328
/usr/libexec/gpg-preset-passphrase,76034,6886,9716,0.70873
/usr/libexec/gpg-protect-tool,196408,15570,22372,0.69596
/usr/libexec/keyboxd,301271,23011,34348,0.66994
/usr/libexec/man-db/globbing,13385,676,900,0.75111
/usr/libexec/man-db/manconv,1070818,1215,1776,0.68412
/usr/libexec/man-db/zsoelim,1103119,3829,5528,0.69266
/usr/libexec/scdaemon,557751,36379,57196,0.63604
/usr/lib/gcc/aarch64-unknown-linux-gnu/14/crtbegin.o,488,128,120,1.06667
/usr/lib/gcc/aarch64-unknown-linux-gnu/14/crtbeginS.o,520,128,120,1.06667
/usr/lib/gcc/aarch64-unknown-linux-gnu/14/crtbeginT.o,639,136,128,1.06250
/usr/lib/gcc/aarch64-unknown-linux-gnu/14/crtfastmath.o,162,51,40,1.27500
/usr/lib/gcc/aarch64-unknown-linux-gnu/14/libasan.so.8.0.0,7396898,127336,182216,0.69882
/usr/lib/gcc/aarch64-unknown-linux-gnu/14/libatomic.so.1.2.0,46634,6548,8276,0.79120
/usr/lib/gcc/aarch64-unknown-linux-gnu/14/libcc1.so.0.0.0,129312,10335,14200,0.72782
/usr/lib/gcc/aarch64-unknown-linux-gnu/14/libgcc_s.so.1,132560,7712,11760,0.65578
/usr/lib/gcc/aarch64-unknown-linux-gnu/14/libgfortran.so.5.0.0,1660155,97608,149624,0.65236
/usr/lib/gcc/aarch64-unknown-linux-gnu/14/libgomp.so.1.0.0,336040,26848,39284,0.68343
/usr/lib/gcc/aarch64-unknown-linux-gnu/14/libhwasan.so.0.0.0,6394102,61315,86016,0.71283
/usr/lib/gcc/aarch64-unknown-linux-gnu/14/libitm.so.1.0.0,94636,12810,17128,0.74790
/usr/lib/gcc/aarch64-unknown-linux-gnu/14/liblsan.so.0.0.0,6211456,40803,59480,0.68600
/usr/lib/gcc/aarch64-unknown-linux-gnu/14/libtsan.so.2.0.0,18266288,114431,162664,0.70348
/usr/lib/gcc/aarch64-unknown-linux-gnu/14/libubsan.so.1.0.0,6630379,36528,53248,0.68600
/usr/lib/gcc/aarch64-unknown-linux-gnu/14/plugin/libcc1plugin.so.0.0.0,57630,5430,7704,0.70483
/usr/lib/gcc/aarch64-unknown-linux-gnu/14/plugin/libcp1plugin.so.0.0.0,130043,10223,14704,0.69525
/usr/lib/python3.13/lib-dynload/array.cpython-313-aarch64-linux-gnu.so,55600,4039,5860,0.68925
/usr/lib/python3.13/lib-dynload/_asyncio.cpython-313-aarch64-linux-gnu.so,64172,4364,5840,0.74726
/usr/lib/python3.13/lib-dynload/binascii.cpython-313-aarch64-linux-gnu.so,20930,1024,1404,0.72934
/usr/lib/python3.13/lib-dynload/_bisect.cpython-313-aarch64-linux-gnu.so,13697,693,1176,0.58929
/usr/lib/python3.13/lib-dynload/_blake2.cpython-313-aarch64-linux-gnu.so,21648,1229,1696,0.72465
/usr/lib/python3.13/lib-dynload/_bz2.cpython-313-aarch64-linux-gnu.so,17183,947,1372,0.69023
/usr/lib/python3.13/lib-dynload/cmath.cpython-313-aarch64-linux-gnu.so,36017,1830,3224,0.56762
/usr/lib/python3.13/lib-dynload/_codecs_cn.cpython-313-aarch64-linux-gnu.so,137355,755,1064,0.70959
/usr/lib/python3.13/lib-dynload/_codecs_hk.cpython-313-aarch64-linux-gnu.so,146530,465,708,0.65678
/usr/lib/python3.13/lib-dynload/_codecs_iso2022.cpython-313-aarch64-linux-gnu.so,19142,1525,2140,0.71262
/usr/lib/python3.13/lib-dynload/_codecs_jp.cpython-313-aarch64-linux-gnu.so,245661,902,1520,0.59342
/usr/lib/python3.13/lib-dynload/_codecs_kr.cpython-313-aarch64-linux-gnu.so,125115,595,844,0.70498
/usr/lib/python3.13/lib-dynload/_codecs_tw.cpython-313-aarch64-linux-gnu.so,102841,497,704,0.70597
/usr/lib/python3.13/lib-dynload/_contextvars.cpython-313-aarch64-linux-gnu.so,2850,210,268,0.78358
/usr/lib/python3.13/lib-dynload/_csv.cpython-313-aarch64-linux-gnu.so,29831,1747,2464,0.70901
/usr/lib/python3.13/lib-dynload/_ctypes.cpython-313-aarch64-linux-gnu.so,138827,10399,15508,0.67056
/usr/lib/python3.13/lib-dynload/_ctypes_test.cpython-313-aarch64-linux-gnu.so,30843,2929,3780,0.77487
/usr/lib/python3.13/lib-dynload/_curses.cpython-313-aarch64-linux-gnu.so,127232,7483,9824,0.76171
/usr/lib/python3.13/lib-dynload/_curses_panel.cpython-313-aarch64-linux-gnu.so,15460,1067,1388,0.76873
/usr/lib/python3.13/lib-dynload/_datetime.cpython-313-aarch64-linux-gnu.so,104382,8101,11256,0.71971
/usr/lib/python3.13/lib-dynload/_dbm.cpython-313-aarch64-linux-gnu.so,14186,993,1392,0.71336
/usr/lib/python3.13/lib-dynload/_decimal.cpython-313-aarch64-linux-gnu.so,181824,11816,15648,0.75511
/usr/lib/python3.13/lib-dynload/_elementtree.cpython-313-aarch64-linux-gnu.so,72941,5078,7408,0.68548
/usr/lib/python3.13/lib-dynload/fcntl.cpython-313-aarch64-linux-gnu.so,17008,635,1100,0.57727
/usr/lib/python3.13/lib-dynload/_gdbm.cpython-313-aarch64-linux-gnu.so,20315,1211,1688,0.71742
/usr/lib/python3.13/lib-dynload/grp.cpython-313-aarch64-linux-gnu.so,11044,607,912,0.66557
/usr/lib/python3.13/lib-dynload/_hashlib.cpython-313-aarch64-linux-gnu.so,53175,3181,4360,0.72959
/usr/lib/python3.13/lib-dynload/_heapq.cpython-313-aarch64-linux-gnu.so,16210,790,1352,0.58432
/usr/lib/python3.13/lib-dynload/_interpchannels.cpython-313-aarch64-linux-gnu.so,38818,2460,3760,0.65426
/usr/lib/python3.13/lib-dynload/_interpqueues.cpython-313-aarch64-linux-gnu.so,24120,1642,2456,0.66857
/usr/lib/python3.13/lib-dynload/_interpreters.cpython-313-aarch64-linux-gnu.so,29294,1607,2160,0.74398
/usr/lib/python3.13/lib-dynload/_json.cpython-313-aarch64-linux-gnu.so,32868,1423,2084,0.68282
/usr/lib/python3.13/lib-dynload/_lsprof.cpython-313-aarch64-linux-gnu.so,21675,1369,2208,0.62002
/usr/lib/python3.13/lib-dynload/_lzma.cpython-313-aarch64-linux-gnu.so,30966,1404,2044,0.68689
/usr/lib/python3.13/lib-dynload/math.cpython-313-aarch64-linux-gnu.so,61607,3639,7004,0.51956
/usr/lib/python3.13/lib-dynload/_md5.cpython-313-aarch64-linux-gnu.so,17119,1201,1704,0.70481
/usr/lib/python3.13/lib-dynload/mmap.cpython-313-aarch64-linux-gnu.so,25720,1771,2252,0.78641
/usr/lib/python3.13/lib-dynload/_multibytecodec.cpython-313-aarch64-linux-gnu.so,38196,2607,3724,0.70005
/usr/lib/python3.13/lib-dynload/_multiprocessing.cpython-313-aarch64-linux-gnu.so,15472,970,1348,0.71958
/usr/lib/python3.13/lib-dynload/_opcode.cpython-313-aarch64-linux-gnu.so,15515,838,1064,0.78759
/usr/lib/python3.13/lib-dynload/_pickle.cpython-313-aarch64-linux-gnu.so,107058,5378,9168,0.58661
/usr/lib/python3.13/lib-dynload/_posixshmem.cpython-313-aarch64-linux-gnu.so,5634,257,408,0.62990
/usr/lib/python3.13/lib-dynload/_posixsubprocess.cpython-313-aarch64-linux-gnu.so,18865,611,1048,0.58302
/usr/lib/python3.13/lib-dynload/pyexpat.cpython-313-aarch64-linux-gnu.so,59055,3545,5428,0.65310
/usr/lib/python3.13/lib-dynload/_queue.cpython-313-aarch64-linux-gnu.so,13043,901,1240,0.72661
/usr/lib/python3.13/lib-dynload/_random.cpython-313-aarch64-linux-gnu.so,11983,786,1140,0.68947
/usr/lib/python3.13/lib-dynload/readline.cpython-313-aarch64-linux-gnu.so,29680,1729,2424,0.71328
/usr/lib/python3.13/lib-dynload/resource.cpython-313-aarch64-linux-gnu.so,11965,613,816,0.75123
/usr/lib/python3.13/lib-dynload/select.cpython-313-aarch64-linux-gnu.so,26778,1369,1924,0.71154
/usr/lib/python3.13/lib-dynload/_sha1.cpython-313-aarch64-linux-gnu.so,14730,1218,1720,0.70814
/usr/lib/python3.13/lib-dynload/_sha2.cpython-313-aarch64-linux-gnu.so,46172,2850,4048,0.70405
/usr/lib/python3.13/lib-dynload/_sha3.cpython-313-aarch64-linux-gnu.so,24134,2016,2760,0.73043
/usr/lib/python3.13/lib-dynload/_socket.cpython-313-aarch64-linux-gnu.so,107220,6999,8804,0.79498
/usr/lib/python3.13/lib-dynload/_sqlite3.cpython-313-aarch64-linux-gnu.so,117675,6561,9668,0.67863
/usr/lib/python3.13/lib-dynload/_ssl.cpython-313-aarch64-linux-gnu.so,182149,6171,8780,0.70285
/usr/lib/python3.13/lib-dynload/_statistics.cpython-313-aarch64-linux-gnu.so,5110,231,376,0.61436
/usr/lib/python3.13/lib-dynload/_struct.cpython-313-aarch64-linux-gnu.so,44305,3865,5416,0.71363
/usr/lib/python3.13/lib-dynload/syslog.cpython-313-aarch64-linux-gnu.so,11115,522,692,0.75434
/usr/lib/python3.13/lib-dynload/termios.cpython-313-aarch64-linux-gnu.so,21619,764,1352,0.56509
/usr/lib/python3.13/lib-dynload/_testbuffer.cpython-313-aarch64-linux-gnu.so,42361,2576,3928,0.65580
/usr/lib/python3.13/lib-dynload/_testcapi.cpython-313-aarch64-linux-gnu.so,322169,24746,31432,0.78729
/usr/lib/python3.13/lib-dynload/_testclinic.cpython-313-aarch64-linux-gnu.so,89916,4951,7088,0.69850
/usr/lib/python3.13/lib-dynload/_testclinic_limited.cpython-313-aarch64-linux-gnu.so,4987,411,596,0.68960
/usr/lib/python3.13/lib-dynload/_testexternalinspection.cpython-313-aarch64-linux-gnu.so,8951,519,840,0.61786
/usr/lib/python3.13/lib-dynload/_testimportmultiple.cpython-313-aarch64-linux-gnu.so,2672,197,252,0.78175
/usr/lib/python3.13/lib-dynload/_testinternalcapi.cpython-313-aarch64-linux-gnu.so,75000,5311,6832,0.77737
/usr/lib/python3.13/lib-dynload/_testlimitedcapi.cpython-313-aarch64-linux-gnu.so,207069,18653,24812,0.75177
/usr/lib/python3.13/lib-dynload/_testmultiphase.cpython-313-aarch64-linux-gnu.so,23017,1647,2056,0.80107
/usr/lib/python3.13/lib-dynload/_testsinglephase.cpython-313-aarch64-linux-gnu.so,11152,839,1084,0.77399
/usr/lib/python3.13/lib-dynload/unicodedata.cpython-313-aarch64-linux-gnu.so,690262,1598,2304,0.69358
/usr/lib/python3.13/lib-dynload/_uuid.cpython-313-aarch64-linux-gnu.so,3260,221,284,0.77817
/usr/lib/python3.13/lib-dynload/xxlimited_35.cpython-313-aarch64-linux-gnu.so,7767,538,692,0.77746
/usr/lib/python3.13/lib-dynload/xxlimited.cpython-313-aarch64-linux-gnu.so,8767,699,956,0.73117
/usr/lib/python3.13/lib-dynload/xxsubtype.cpython-313-aarch64-linux-gnu.so,7499,523,680,0.76912
/usr/lib/python3.13/lib-dynload/_xxtestfuzz.cpython-313-aarch64-linux-gnu.so,12243,368,488,0.75410
/usr/lib/python3.13/lib-dynload/zlib.cpython-313-aarch64-linux-gnu.so,41491,1930,3108,0.62098
/usr/lib/python3.13/lib-dynload/_zoneinfo.cpython-313-aarch64-linux-gnu.so,31587,1835,2572,0.71345
/usr/lib/python3.13/site-packages/Cython/Compiler/Code.cpython-313-aarch64-linux-gnu.so,1088956,35910,59068,0.60794
/usr/lib/python3.13/site-packages/Cython/Compiler/FlowControl.cpython-313-aarch64-linux-gnu.so,521624,19943,31160,0.64002
/usr/lib/python3.13/site-packages/Cython/Compiler/FusedNode.cpython-313-aarch64-linux-gnu.so,312849,6994,10700,0.65364
/usr/lib/python3.13/site-packages/Cython/Compiler/LineTable.cpython-313-aarch64-linux-gnu.so,41843,2135,2960,0.72128
/usr/lib/python3.13/site-packages/Cython/Compiler/Parsing.cpython-313-aarch64-linux-gnu.so,728875,15721,27560,0.57043
/usr/lib/python3.13/site-packages/Cython/Compiler/Scanning.cpython-313-aarch64-linux-gnu.so,223980,9714,14208,0.68370
/usr/lib/python3.13/site-packages/Cython/Compiler/Visitor.cpython-313-aarch64-linux-gnu.so,257889,9516,14504,0.65609
/usr/lib/python3.13/site-packages/Cython/Plex/Actions.cpython-313-aarch64-linux-gnu.so,58647,3923,5408,0.72541
/usr/lib/python3.13/site-packages/Cython/Plex/DFA.cpython-313-aarch64-linux-gnu.so,71342,3253,5044,0.64492
/usr/lib/python3.13/site-packages/Cython/Plex/Machines.cpython-313-aarch64-linux-gnu.so,115117,5747,8772,0.65515
/usr/lib/python3.13/site-packages/Cython/Plex/Scanners.cpython-313-aarch64-linux-gnu.so,92346,4988,7056,0.70692
/usr/lib/python3.13/site-packages/Cython/Plex/Transitions.cpython-313-aarch64-linux-gnu.so,84662,3694,5956,0.62021
/usr/lib/python3.13/site-packages/Cython/Runtime/refnanny.cpython-313-aarch64-linux-gnu.so,58962,2275,3620,0.62845
/usr/lib/python3.13/site-packages/Cython/StringIOTree.cpython-313-aarch64-linux-gnu.so,59572,3369,5028,0.67005
/usr/lib/python3.13/site-packages/Cython/Tempita/_tempita.cpython-313-aarch64-linux-gnu.so,389631,8398,13964,0.60140
/usr/lib/python3.13/site-packages/Cython/Utils.cpython-313-aarch64-linux-gnu.so,243189,9124,14544,0.62734
/usr/lib/python3.13/site-packages/libxml2mod.cpython-313-aarch64-linux-gnu.so,349266,32835,39640,0.82833
/usr/lib/python3.13/site-packages/lxml/builder.cpython-313-aarch64-linux-gnu.so,101167,4454,7172,0.62103
/usr/lib/python3.13/site-packages/lxml/_elementpath.cpython-313-aarch64-linux-gnu.so,174916,7983,11300,0.70646
/usr/lib/python3.13/site-packages/lxml/etree.cpython-313-aarch64-linux-gnu.so,2112939,89469,146832,0.60933
/usr/lib/python3.13/site-packages/lxml/html/diff.cpython-313-aarch64-linux-gnu.so,293089,9696,16208,0.59822
/usr/lib/python3.13/site-packages/lxml/html/_difflib.cpython-313-aarch64-linux-gnu.so,471127,13629,20836,0.65411
/usr/lib/python3.13/site-packages/lxml/objectify.cpython-313-aarch64-linux-gnu.so,391163,17201,26384,0.65195
/usr/lib/python3.13/site-packages/lxml/sax.cpython-313-aarch64-linux-gnu.so,151502,5352,8316,0.64358
/usr/lib/python3.13/site-packages/markupsafe/_speedups.cpython-313-aarch64-linux-gnu.so,5008,263,520,0.50577
/usr/lib/python3.13/site-packages/portage/util/_whirlpool.cpython-313-aarch64-linux-gnu.so,24794,457,644,0.70963
/usr/lib/python3.14/lib-dynload/array.cpython-314-aarch64-linux-gnu.so,55906,4055,5884,0.68916
/usr/lib/python3.14/lib-dynload/_asyncio.cpython-314-aarch64-linux-gnu.so,69439,4711,6424,0.73334
/usr/lib/python3.14/lib-dynload/binascii.cpython-314-aarch64-linux-gnu.so,20962,1024,1404,0.72934
/usr/lib/python3.14/lib-dynload/_bisect.cpython-314-aarch64-linux-gnu.so,13729,693,1176,0.58929
/usr/lib/python3.14/lib-dynload/_blake2.cpython-314-aarch64-linux-gnu.so,45251,2805,4120,0.68083
/usr/lib/python3.14/lib-dynload/_bz2.cpython-314-aarch64-linux-gnu.so,17215,947,1372,0.69023
/usr/lib/python3.14/lib-dynload/cmath.cpython-314-aarch64-linux-gnu.so,35640,1801,3188,0.56493
/usr/lib/python3.14/lib-dynload/_codecs_cn.cpython-314-aarch64-linux-gnu.so,137357,755,1064,0.70959
/usr/lib/python3.14/lib-dynload/_codecs_hk.cpython-314-aarch64-linux-gnu.so,146564,465,708,0.65678
/usr/lib/python3.14/lib-dynload/_codecs_iso2022.cpython-314-aarch64-linux-gnu.so,19144,1525,2140,0.71262
/usr/lib/python3.14/lib-dynload/_codecs_jp.cpython-314-aarch64-linux-gnu.so,245695,902,1520,0.59342
/usr/lib/python3.14/lib-dynload/_codecs_kr.cpython-314-aarch64-linux-gnu.so,125117,595,844,0.70498
/usr/lib/python3.14/lib-dynload/_codecs_tw.cpython-314-aarch64-linux-gnu.so,102843,497,704,0.70597
/usr/lib/python3.14/lib-dynload/_csv.cpython-314-aarch64-linux-gnu.so,29879,1711,2436,0.70238
/usr/lib/python3.14/lib-dynload/_ctypes.cpython-314-aarch64-linux-gnu.so,147969,10737,16068,0.66822
/usr/lib/python3.14/lib-dynload/_ctypes_test.cpython-314-aarch64-linux-gnu.so,103903,4242,5156,0.82273
/usr/lib/python3.14/lib-dynload/_curses.cpython-314-aarch64-linux-gnu.so,139165,8530,12284,0.69440
/usr/lib/python3.14/lib-dynload/_curses_panel.cpython-314-aarch64-linux-gnu.so,16258,1142,1496,0.76337
/usr/lib/python3.14/lib-dynload/_dbm.cpython-314-aarch64-linux-gnu.so,14186,993,1392,0.71336
/usr/lib/python3.14/lib-dynload/_decimal.cpython-314-aarch64-linux-gnu.so,181591,10949,14712,0.74422
/usr/lib/python3.14/lib-dynload/_elementtree.cpython-314-aarch64-linux-gnu.so,73541,5115,7580,0.67480
/usr/lib/python3.14/lib-dynload/fcntl.cpython-314-aarch64-linux-gnu.so,18122,654,1088,0.60110
/usr/lib/python3.14/lib-dynload/_gdbm.cpython-314-aarch64-linux-gnu.so,20343,1211,1688,0.71742
/usr/lib/python3.14/lib-dynload/grp.cpython-314-aarch64-linux-gnu.so,11024,607,904,0.67146
/usr/lib/python3.14/lib-dynload/_hashlib.cpython-314-aarch64-linux-gnu.so,53085,3272,4520,0.72389
/usr/lib/python3.14/lib-dynload/_heapq.cpython-314-aarch64-linux-gnu.so,18339,962,1652,0.58232
/usr/lib/python3.14/lib-dynload/_hmac.cpython-314-aarch64-linux-gnu.so,136060,10330,14240,0.72542
/usr/lib/python3.14/lib-dynload/_interpchannels.cpython-314-aarch64-linux-gnu.so,40096,2492,3864,0.64493
/usr/lib/python3.14/lib-dynload/_interpqueues.cpython-314-aarch64-linux-gnu.so,24652,1647,2512,0.65565
/usr/lib/python3.14/lib-dynload/_interpreters.cpython-314-aarch64-linux-gnu.so,31532,1617,2192,0.73768
/usr/lib/python3.14/lib-dynload/_json.cpython-314-aarch64-linux-gnu.so,33467,1485,2272,0.65361
/usr/lib/python3.14/lib-dynload/_lsprof.cpython-314-aarch64-linux-gnu.so,23520,1452,2352,0.61735
/usr/lib/python3.14/lib-dynload/_lzma.cpython-314-aarch64-linux-gnu.so,30904,1341,1920,0.69844
/usr/lib/python3.14/lib-dynload/math.cpython-314-aarch64-linux-gnu.so,60417,3514,6752,0.52044
/usr/lib/python3.14/lib-dynload/_md5.cpython-314-aarch64-linux-gnu.so,17544,1256,1768,0.71041
/usr/lib/python3.14/lib-dynload/mmap.cpython-314-aarch64-linux-gnu.so,25716,1771,2252,0.78641
/usr/lib/python3.14/lib-dynload/_multibytecodec.cpython-314-aarch64-linux-gnu.so,38197,2607,3724,0.70005
/usr/lib/python3.14/lib-dynload/_multiprocessing.cpython-314-aarch64-linux-gnu.so,15504,970,1348,0.71958
/usr/lib/python3.14/lib-dynload/_pickle.cpython-314-aarch64-linux-gnu.so,108565,5356,9276,0.57740
/usr/lib/python3.14/lib-dynload/_posixshmem.cpython-314-aarch64-linux-gnu.so,5863,251,392,0.64031
/usr/lib/python3.14/lib-dynload/_posixsubprocess.cpython-314-aarch64-linux-gnu.so,19151,624,1120,0.55714
/usr/lib/python3.14/lib-dynload/pyexpat.cpython-314-aarch64-linux-gnu.so,59410,3551,5424,0.65468
/usr/lib/python3.14/lib-dynload/_queue.cpython-314-aarch64-linux-gnu.so,13091,901,1240,0.72661
/usr/lib/python3.14/lib-dynload/_random.cpython-314-aarch64-linux-gnu.so,11962,766,1132,0.67668
/usr/lib/python3.14/lib-dynload/readline.cpython-314-aarch64-linux-gnu.so,30196,1735,2436,0.71223
/usr/lib/python3.14/lib-dynload/_remote_debugging.cpython-314-aarch64-linux-gnu.so,57223,1994,3460,0.57630
/usr/lib/python3.14/lib-dynload/resource.cpython-314-aarch64-linux-gnu.so,11965,613,816,0.75123
/usr/lib/python3.14/lib-dynload/select.cpython-314-aarch64-linux-gnu.so,26923,1374,1924,0.71414
/usr/lib/python3.14/lib-dynload/_sha1.cpython-314-aarch64-linux-gnu.so,15171,1273,1784,0.71357
/usr/lib/python3.14/lib-dynload/_sha2.cpython-314-aarch64-linux-gnu.so,47325,2913,4240,0.68703
/usr/lib/python3.14/lib-dynload/_sha3.cpython-314-aarch64-linux-gnu.so,36274,2509,3440,0.72936
/usr/lib/python3.14/lib-dynload/_socket.cpython-314-aarch64-linux-gnu.so,108456,7123,8924,0.79818
/usr/lib/python3.14/lib-dynload/_sqlite3.cpython-314-aarch64-linux-gnu.so,118687,6685,9820,0.68075
/usr/lib/python3.14/lib-dynload/_ssl.cpython-314-aarch64-linux-gnu.so,188156,6179,8784,0.70344
/usr/lib/python3.14/lib-dynload/_statistics.cpython-314-aarch64-linux-gnu.so,5110,231,376,0.61436
/usr/lib/python3.14/lib-dynload/_struct.cpython-314-aarch64-linux-gnu.so,47443,4324,6160,0.70195
/usr/lib/python3.14/lib-dynload/syslog.cpython-314-aarch64-linux-gnu.so,11123,522,692,0.75434
/usr/lib/python3.14/lib-dynload/termios.cpython-314-aarch64-linux-gnu.so,21872,764,1356,0.56342
/usr/lib/python3.14/lib-dynload/_testbuffer.cpython-314-aarch64-linux-gnu.so,42513,2576,3936,0.65447
/usr/lib/python3.14/lib-dynload/_testcapi.cpython-314-aarch64-linux-gnu.so,365910,28798,36536,0.78821
/usr/lib/python3.14/lib-dynload/_testclinic.cpython-314-aarch64-linux-gnu.so,103022,5679,7536,0.75358
/usr/lib/python3.14/lib-dynload/_testclinic_limited.cpython-314-aarch64-linux-gnu.so,4987,411,596,0.68960
/usr/lib/python3.14/lib-dynload/_testimportmultiple.cpython-314-aarch64-linux-gnu.so,2672,197,252,0.78175
/usr/lib/python3.14/lib-dynload/_testinternalcapi.cpython-314-aarch64-linux-gnu.so,86990,6017,7904,0.76126
/usr/lib/python3.14/lib-dynload/_testlimitedcapi.cpython-314-aarch64-linux-gnu.so,215336,19212,25708,0.74732
/usr/lib/python3.14/lib-dynload/_testmultiphase.cpython-314-aarch64-linux-gnu.so,23081,1647,2056,0.80107
/usr/lib/python3.14/lib-dynload/_testsinglephase.cpython-314-aarch64-linux-gnu.so,11192,839,1084,0.77399
/usr/lib/python3.14/lib-dynload/unicodedata.cpython-314-aarch64-linux-gnu.so,735628,1638,2356,0.69525
/usr/lib/python3.14/lib-dynload/_uuid.cpython-314-aarch64-linux-gnu.so,3341,226,288,0.78472
/usr/lib/python3.14/lib-dynload/xxlimited_35.cpython-314-aarch64-linux-gnu.so,7783,538,692,0.77746
/usr/lib/python3.14/lib-dynload/xxlimited.cpython-314-aarch64-linux-gnu.so,8767,699,956,0.73117
/usr/lib/python3.14/lib-dynload/xxsubtype.cpython-314-aarch64-linux-gnu.so,7535,523,680,0.76912
/usr/lib/python3.14/lib-dynload/_xxtestfuzz.cpython-314-aarch64-linux-gnu.so,12243,368,488,0.75410
/usr/lib/python3.14/lib-dynload/zlib.cpython-314-aarch64-linux-gnu.so,41984,1976,3180,0.62138
/usr/lib/python3.14/lib-dynload/_zoneinfo.cpython-314-aarch64-linux-gnu.so,31749,1835,2572,0.71345
/usr/lib/python3.14/lib-dynload/_zstd.cpython-314-aarch64-linux-gnu.so,49942,2215,3312,0.66878
/usr/sbin/accessdb,6253,261,364,0.71703
/usr/sbin/addpart,30220,2174,3308,0.65719
/usr/sbin/chgpasswd,57876,4653,6556,0.70973
/usr/sbin/chpasswd,123866,8083,11532,0.70092
/usr/sbin/delpart,30012,2174,3292,0.66039
/usr/sbin/e2freefrag,8930,349,448,0.77902
/usr/sbin/e4crypt,18546,760,1096,0.69343
/usr/sbin/e4defrag,48068,503,876,0.57420
/usr/sbin/filefrag,12367,448,620,0.72258
/usr/sbin/grmt,55307,3672,5300,0.69283
/usr/sbin/groupadd,127851,8687,12436,0.69854
/usr/sbin/groupdel,119570,8218,11764,0.69857
/usr/sbin/groupmems,55316,4351,6156,0.70679
/usr/sbin/groupmod,127389,8917,12732,0.70036
/usr/sbin/grpck,54748,4274,6148,0.69519
/usr/sbin/grpconv,48105,3928,5572,0.70495
/usr/sbin/grpunconv,47978,3921,5572,0.70370
/usr/sbin/iconvconfig,23755,1304,1972,0.66126
/usr/sbin/ldattach,37756,2361,3548,0.66545
/usr/sbin/logoutd,18726,342,456,0.75000
/usr/sbin/mklost+found,4716,201,276,0.72826
/usr/sbin/newusers,132049,8280,11884,0.69674
/usr/sbin/partx,150681,13715,19812,0.69226
/usr/sbin/pwck,85151,3973,5508,0.72131
/usr/sbin/pwconv,79629,3722,5124,0.72639
/usr/sbin/pwunconv,77744,3654,5020,0.72789
/usr/sbin/readprofile,37321,2482,3716,0.66792
/usr/sbin/resizepart,90666,9194,13060,0.70398
/usr/sbin/rfkill,52269,3308,4900,0.67510
/usr/sbin/rtcwake,54906,3608,5364,0.67263
/usr/sbin/sshd,538019,30766,46304,0.66444
/usr/sbin/sysctl,24198,1198,2004,0.59780
/usr/sbin/useradd,176523,9608,14292,0.67226
/usr/sbin/userdel,130156,8438,12028,0.70153
/usr/sbin/usermod,165541,9693,14100,0.68745
/usr/sbin/vipw,92900,5285,7364,0.71768
